invoice_id,supplier_id,category,amount,invoice_date,currency
INV20000,12,Services,1783.01,2024-09-12,USD
INV20001,21,Raw Material,1011.76,2024-07-08,USD
INV20002,11,Services,592.8,2024-01-23,EUR
INV20003,44,Raw Material,3648.71,2023-03-12,USD
INV20004,44,Packaging,1256.72,2024-07-24,EUR
INV20005,44,Raw Material,4874.47,2024-03-13,USD
INV20006,14,Packaging,2376.48,2023-02-13,GBP
INV20007,34,Packaging,7525.4,2023-09-29,CAD
INV20008,34,Raw Material,1010.75,2023-01-14,CAD
INV20009,25,Packaging,5362.15,2024-01-06,USD
INV20010,4,Packaging,5463.67,2023-04-22,EUR
INV20011,26,Logistics,1888.54,2024-01-14,USD
INV20012,16,Logistics,800.13,2023-11-10,USD
INV20013,10,Raw Material,1007.24,2024-02-19,USD
INV20014,45,Packaging,609.66,2024-04-29,EUR
INV20015,2,Maintenance,1161.86,2023-06-18,EUR
INV20016,35,Services,1146.63,2023-09-03,CAD
INV20017,19,Maintenance,3152.79,2023-09-23,CAD
INV20018,6,Raw Material,1173.09,2023-08-31,USD
INV20019,19,Logistics,1502.41,2024-10-31,EUR
INV20020,8,Packaging,3080.91,2023-10-27,EUR
INV20021,14,Raw Material,1934.2,2023-11-23,CAD
INV20022,10,Services,5452.96,2024-06-13,USD
INV20023,3,Logistics,529.07,2024-08-17,GBP
INV20024,38,Raw Material,2895.89,2023-12-08,EUR
INV20025,29,Raw Material,2200.71,2024-11-09,CAD
INV20026,15,Services,201.88,2024-07-07,USD
INV20027,23,Raw Material,451.61,2023-09-06,CAD
INV20028,23,Raw Material,2507.21,2024-01-15,CAD
INV20029,18,Raw Material,3447.5,2024-06-15,USD
INV20030,46,Raw Material,218.07,2024-01-16,USD
INV20031,19,Services,4231.67,2023-02-11,USD
INV20032,28,Packaging,981.34,2023-12-11,CAD
INV20033,26,Packaging,4680.35,2024-08-21,USD
INV20034,10,Services,3113.61,2023-09-18,USD
INV20035,47,Packaging,2384.01,2023-11-02,EUR
INV20036,4,Raw Material,1706.16,2023-08-28,CAD
INV20037,2,Logistics,2083.27,2024-11-09,USD
INV20038,3,Raw Material,2114.44,2023-11-09,USD
INV20039,7,Raw Material,2738.03,2024-03-16,EUR
INV20040,16,Logistics,1743.34,2023-05-13,EUR
INV20041,31,Services,3149.24,2024-12-19,USD
INV20042,10,Logistics,2297.15,2023-02-20,GBP
INV20043,19,Maintenance,1285.04,2024-09-09,USD
INV20044,28,Logistics,2252.71,2024-01-27,GBP
INV20045,17,Logistics,1380.96,2024-11-26,USD
INV20046,28,Services,3359.68,2024-12-13,USD
INV20047,19,Raw Material,3727.12,2024-06-06,USD
INV20048,37,Raw Material,6067.45,2024-05-22,USD
INV20049,23,Logistics,1834.78,2024-10-23,CAD
INV20050,20,Packaging,636.02,2023-12-20,EUR
INV20051,13,Raw Material,3007.62,2024-01-30,EUR
INV20052,13,Raw Material,1579.34,2023-04-06,USD
INV20053,43,Raw Material,1480.77,2023-04-16,USD
INV20054,11,Packaging,1005.1,2024-10-16,USD
INV20055,48,Services,1027.26,2024-11-08,USD
INV20056,15,Services,2756.23,2024-05-27,CAD
INV20057,17,Logistics,1227.47,2024-07-11,USD
INV20058,50,Services,1356.49,2023-08-30,CAD
INV20059,28,Packaging,2068.11,2024-05-02,CAD
INV20060,19,Raw Material,2413.64,2024-05-29,USD
INV20061,4,Raw Material,437.12,2024-10-15,CAD
INV20062,22,Packaging,1113.7,2023-03-02,USD
INV20063,22,Raw Material,973.08,2024-02-20,USD
INV20064,37,Packaging,981.14,2023-10-21,EUR
INV20065,39,Logistics,1692.98,2023-10-29,USD
INV20066,34,Raw Material,1597.32,2023-06-19,USD
INV20067,33,Maintenance,2003.35,2024-10-07,CAD
INV20068,44,Packaging,1760.03,2023-02-10,USD
INV20069,42,Raw Material,1480.77,2023-08-19,CAD
INV20070,40,Packaging,322.22,2024-02-13,USD
INV20071,33,Logistics,912.94,2024-10-12,USD
INV20072,12,Raw Material,5637.21,2024-09-13,EUR
INV20073,2,Raw Material,4054.3,2023-10-24,CAD
INV20074,28,Packaging,6243.7,2024-03-30,USD
INV20075,10,Services,1537.59,2023-02-26,USD
INV20076,22,Packaging,879.81,2024-09-26,EUR
INV20077,17,Services,3894.9,2023-08-28,USD
INV20078,26,Services,2608.4,2024-08-20,CAD
INV20079,3,Raw Material,1218.98,2023-06-25,CAD
INV20080,7,Logistics,3115.53,2023-03-04,CAD
INV20081,44,Raw Material,1486.95,2024-07-04,EUR
INV20082,8,Raw Material,1166.46,2023-05-18,CAD
INV20083,20,Logistics,1454.99,2024-03-29,CAD
INV20084,12,Logistics,705.24,2024-03-24,EUR
INV20085,35,Raw Material,1415.31,2023-08-14,CAD
INV20086,17,Services,3638.66,2024-03-18,USD
INV20087,28,Logistics,2560.55,2023-07-25,USD
INV20088,41,Services,2102.79,2024-11-06,CAD
INV20089,10,Raw Material,1143.65,2023-01-27,EUR
INV20090,22,Services,4529.76,2024-04-01,USD
INV20091,38,Raw Material,3097.87,2024-11-25,USD
INV20092,33,Raw Material,1052.29,2024-12-10,GBP
INV20093,22,Logistics,360.98,2023-04-17,CAD
INV20094,44,Logistics,1801.3,2024-03-19,USD
INV20095,37,Packaging,2581.09,2024-12-01,CAD
INV20096,13,Packaging,1003.41,2023-02-05,GBP
INV20097,27,Raw Material,2313.25,2024-08-19,EUR
INV20098,15,Packaging,1290.84,2023-06-04,CAD
INV20099,22,Raw Material,811.07,2023-06-18,USD
INV20100,30,Packaging,1994.98,2023-09-29,EUR
INV20101,43,Raw Material,927.73,2024-06-30,CAD
INV20102,40,Maintenance,2651.71,2024-02-24,EUR
INV20103,37,Packaging,3089.41,2023-07-03,USD
INV20104,34,Logistics,3530.31,2024-09-02,USD
INV20105,44,Services,946.28,2023-08-25,USD
INV20106,34,Packaging,626.61,2024-05-23,USD
INV20107,48,Raw Material,2067.16,2024-03-16,CAD
INV20108,35,Raw Material,3669.25,2023-05-02,GBP
INV20109,42,Logistics,2824.23,2024-02-21,CAD
INV20110,19,Raw Material,985.23,2024-06-18,EUR
INV20111,8,Packaging,1062.97,2024-01-10,USD
INV20112,39,Raw Material,1303.89,2024-07-28,EUR
INV20113,33,Raw Material,3531.12,2023-11-22,EUR
INV20114,44,Packaging,2198.33,2024-04-24,CAD
INV20115,28,Maintenance,2090.44,2023-05-30,CAD
INV20116,37,Packaging,82.56,2024-12-07,CAD
INV20117,48,Services,1751.41,2024-08-14,CAD
INV20118,25,Maintenance,3759.47,2024-05-04,USD
INV20119,36,Raw Material,3522.5,2023-06-02,EUR
INV20120,17,Raw Material,2359.74,2023-01-17,GBP
INV20121,24,Logistics,1007.35,2024-07-04,USD
INV20122,21,Services,861.68,2023-12-14,CAD
INV20123,2,Packaging,1576.79,2024-04-03,CAD
INV20124,31,Maintenance,3751.59,2023-07-21,CAD
INV20125,44,Raw Material,479.89,2024-02-27,CAD
INV20126,33,Raw Material,1680.14,2023-10-07,EUR
INV20127,30,Packaging,2805.59,2024-02-26,USD
INV20128,12,Packaging,3177.37,2024-08-22,USD
INV20129,44,Raw Material,3596.35,2024-04-09,EUR
INV20130,12,Raw Material,1754.93,2023-12-21,CAD
INV20131,49,Raw Material,201.26,2024-08-04,EUR
INV20132,24,Packaging,2530.27,2024-01-13,USD
INV20133,24,Services,1319.53,2023-05-04,USD
INV20134,11,Services,910.01,2023-03-21,GBP
INV20135,13,Logistics,305.82,2024-07-10,USD
INV20136,27,Packaging,1387.37,2023-08-21,EUR
INV20137,8,Packaging,976.85,2024-04-24,EUR
INV20138,10,Raw Material,1074.71,2023-06-03,CAD
INV20139,8,Raw Material,1787.56,2024-11-22,USD
INV20140,20,Raw Material,1195.21,2024-02-13,CAD
INV20141,8,Services,812.01,2023-01-31,EUR
INV20142,9,Services,2225.42,2024-08-19,USD
INV20143,7,Packaging,1942.71,2024-07-10,USD
INV20144,14,Logistics,893.73,2024-05-17,USD
INV20145,28,Raw Material,569.67,2024-01-06,USD
INV20146,2,Packaging,2585.57,2023-11-19,EUR
INV20147,43,Logistics,622.5,2023-11-28,EUR
INV20148,8,Packaging,3709.54,2023-08-31,GBP
INV20149,13,Raw Material,481.73,2024-07-05,CAD
INV20150,21,Services,2699.36,2024-03-05,EUR
INV20151,47,Logistics,880.63,2023-07-01,USD
INV20152,28,Services,1550.66,2024-04-17,CAD
INV20153,35,Services,3117.9,2024-01-11,CAD
INV20154,23,Maintenance,5550.47,2023-03-22,GBP
INV20155,46,Raw Material,2301.69,2024-07-03,EUR
INV20156,15,Raw Material,3695.38,2024-02-24,GBP
INV20157,2,Raw Material,2752.12,2024-04-11,EUR
INV20158,12,Raw Material,772.69,2024-03-03,EUR
INV20159,36,Packaging,2332.43,2023-02-26,USD
INV20160,3,Packaging,465.16,2023-11-18,EUR
INV20161,5,Packaging,3063.03,2024-06-25,CAD
INV20162,3,Raw Material,1341.63,2024-05-09,USD
INV20163,47,Services,1415.67,2023-09-23,USD
INV20164,19,Raw Material,2047.65,2023-08-15,CAD
INV20165,2,Raw Material,1471.3,2023-02-23,USD
INV20166,44,Logistics,595.65,2024-08-31,USD
INV20167,37,Logistics,610.57,2023-01-04,CAD
INV20168,17,Raw Material,826.06,2024-03-14,GBP
INV20169,14,Raw Material,254.72,2023-11-06,EUR
INV20170,28,Packaging,1831.64,2024-08-25,USD
INV20171,27,Raw Material,1805.04,2023-03-30,USD
INV20172,10,Raw Material,1312.81,2023-11-16,USD
INV20173,3,Logistics,1637.05,2024-01-10,USD
INV20174,36,Raw Material,1485.99,2024-08-26,USD
INV20175,38,Raw Material,1335.2,2024-05-15,GBP
INV20176,25,Packaging,1188.2,2024-10-23,CAD
INV20177,22,Maintenance,1856.32,2023-08-22,USD
INV20178,48,Maintenance,3133.26,2023-12-03,USD
INV20179,39,Raw Material,2426.77,2024-07-24,CAD
INV20180,47,Raw Material,3268.92,2023-07-04,CAD
INV20181,30,Raw Material,1178.18,2024-03-13,USD
INV20182,21,Raw Material,1929.33,2024-07-09,GBP
INV20183,30,Packaging,1045.4,2023-06-29,USD
INV20184,28,Packaging,1489.97,2023-03-17,USD
INV20185,31,Packaging,1954.98,2024-10-17,USD
INV20186,26,Raw Material,76.52,2024-09-04,CAD
INV20187,43,Raw Material,1569.29,2023-09-29,USD
INV20188,22,Packaging,4446.21,2023-02-24,USD
INV20189,21,Raw Material,1516.26,2024-12-01,USD
INV20190,1,Packaging,1044.69,2023-03-18,CAD
INV20191,37,Logistics,1387.56,2023-10-23,USD
INV20192,13,Packaging,1277.79,2023-08-07,USD
INV20193,21,Packaging,3943.43,2023-10-04,USD
INV20194,46,Packaging,541.63,2024-07-31,USD
INV20195,9,Raw Material,2004.37,2024-10-09,CAD
INV20196,17,Raw Material,2255.61,2024-12-11,USD
INV20197,47,Packaging,2880.71,2023-09-23,USD
INV20198,21,Raw Material,1239.96,2023-02-12,CAD
INV20199,31,Logistics,1968.28,2023-12-27,USD
INV20200,39,Logistics,1278.39,2023-08-16,USD
INV20201,22,Services,1624.85,2023-08-15,USD
INV20202,12,Maintenance,2297.72,2023-03-04,GBP
INV20203,6,Raw Material,5628.23,2023-06-20,CAD
INV20204,16,Maintenance,1010.09,2023-11-03,EUR
INV20205,26,Logistics,2208.78,2024-07-21,EUR
INV20206,5,Packaging,2037.34,2024-11-13,GBP
INV20207,9,Raw Material,302.41,2023-02-03,EUR
INV20208,46,Services,2218.01,2024-10-03,CAD
INV20209,40,Raw Material,229.38,2023-05-10,USD
INV20210,14,Services,5145.4,2024-01-29,USD
INV20211,44,Raw Material,2796.43,2023-05-31,CAD
INV20212,42,Packaging,313.91,2024-10-16,GBP
INV20213,30,Raw Material,2349.24,2024-09-21,USD
INV20214,26,Raw Material,2323.24,2024-12-16,CAD
INV20215,45,Raw Material,2824.9,2024-01-19,USD
INV20216,29,Raw Material,2189.49,2023-01-17,USD
INV20217,19,Raw Material,1896.04,2024-08-16,USD
INV20218,47,Packaging,314.54,2023-01-14,CAD
INV20219,8,Packaging,5872.18,2023-03-22,USD
INV20220,23,Services,2221.51,2023-07-26,CAD
INV20221,42,Logistics,3159.18,2023-07-23,EUR
INV20222,35,Raw Material,1333.84,2024-01-14,EUR
INV20223,31,Raw Material,1611.42,2024-06-27,USD
INV20224,35,Raw Material,1923.47,2023-01-23,EUR
INV20225,32,Services,1603.98,2024-09-05,USD
INV20226,5,Services,1708.94,2023-06-11,USD
INV20227,16,Raw Material,616.28,2024-09-01,CAD
INV20228,17,Raw Material,2019.27,2023-05-24,USD
INV20229,32,Services,578.77,2023-04-14,USD
INV20230,38,Services,581.45,2024-01-17,USD
INV20231,32,Services,98.92,2024-03-30,CAD
INV20232,20,Services,4199.73,2024-02-21,USD
INV20233,48,Packaging,2121.02,2023-11-20,CAD
INV20234,2,Raw Material,1975.31,2023-06-20,CAD
INV20235,20,Packaging,1195.03,2024-07-29,CAD
INV20236,47,Packaging,3761.77,2024-08-05,EUR
INV20237,18,Packaging,2594.15,2023-10-01,USD
INV20238,1,Packaging,473.21,2024-03-27,USD
INV20239,29,Raw Material,573.51,2023-05-05,USD
INV20240,29,Raw Material,984.28,2024-01-18,USD
INV20241,19,Raw Material,1003.84,2023-11-13,CAD
INV20242,44,Raw Material,125.67,2023-04-17,USD
INV20243,40,Packaging,3401.51,2024-10-21,USD
INV20244,6,Services,4249.97,2024-04-07,EUR
INV20245,44,Services,1402.56,2024-03-05,CAD
INV20246,39,Raw Material,1629.37,2024-12-04,CAD
INV20247,50,Packaging,1271.2,2023-12-03,EUR
INV20248,46,Raw Material,3837.94,2024-05-10,EUR
INV20249,8,Logistics,1698.85,2023-12-28,CAD
INV20250,24,Raw Material,5537.67,2024-03-07,USD
INV20251,20,Raw Material,1874.79,2024-11-05,GBP
INV20252,14,Services,1372.85,2024-06-03,CAD
INV20253,5,Packaging,2403.81,2024-02-10,USD
INV20254,41,Raw Material,5287.9,2024-01-12,USD
INV20255,40,Raw Material,1797.05,2023-06-01,CAD
INV20256,34,Packaging,3822.17,2023-11-18,GBP
INV20257,16,Raw Material,3334.22,2024-08-29,USD
INV20258,45,Services,317.45,2023-08-02,USD
INV20259,7,Packaging,1410.56,2024-07-29,EUR
INV20260,16,Logistics,428.45,2023-03-06,GBP
INV20261,7,Packaging,854.15,2023-09-27,USD
INV20262,27,Raw Material,2982.45,2024-06-20,USD
INV20263,14,Raw Material,2059.29,2023-04-10,CAD
INV20264,14,Raw Material,1309.61,2023-04-15,USD
INV20265,44,Packaging,2433.9,2023-05-11,EUR
INV20266,33,Raw Material,885.58,2024-01-24,USD
INV20267,33,Services,579.25,2023-11-17,USD
INV20268,44,Raw Material,188.52,2024-03-13,USD
INV20269,20,Raw Material,4097.01,2023-01-19,USD
INV20270,47,Raw Material,3704.1,2023-08-13,USD
INV20271,36,Raw Material,1833.8,2024-09-09,USD
INV20272,7,Raw Material,3519.97,2024-07-19,EUR
INV20273,32,Raw Material,4584.69,2024-04-04,USD
INV20274,48,Raw Material,4030.31,2024-01-29,GBP
INV20275,3,Packaging,1227.06,2023-08-14,USD
INV20276,39,Logistics,2892.07,2023-12-26,CAD
INV20277,29,Raw Material,3256.34,2024-03-05,USD
INV20278,24,Packaging,424.65,2023-01-15,USD
INV20279,22,Logistics,3338.04,2024-07-13,CAD
INV20280,6,Maintenance,822.17,2024-10-12,CAD
INV20281,48,Logistics,3509.59,2024-06-29,EUR
INV20282,24,Raw Material,2677.37,2024-02-18,EUR
INV20283,40,Logistics,2472.02,2023-12-21,CAD
INV20284,23,Packaging,1317.77,2024-04-01,USD
INV20285,38,Raw Material,1262.2,2024-12-22,EUR
INV20286,10,Services,9491.52,2024-06-14,CAD
INV20287,16,Raw Material,1192.87,2023-07-15,GBP
INV20288,11,Maintenance,640.27,2023-04-25,EUR
INV20289,32,Logistics,1407.88,2024-02-21,USD
INV20290,45,Packaging,882.37,2023-12-18,USD
INV20291,6,Logistics,1934.41,2023-03-16,CAD
INV20292,24,Packaging,980.82,2024-10-23,CAD
INV20293,33,Packaging,576.41,2023-02-05,CAD
INV20294,12,Services,2786.7,2023-08-30,EUR
INV20295,27,Logistics,1979.99,2024-10-24,USD
INV20296,38,Services,875.49,2023-03-04,USD
INV20297,18,Services,4530.26,2024-10-27,USD
INV20298,45,Maintenance,1484.66,2024-05-23,CAD
INV20299,39,Logistics,7326.48,2023-07-07,CAD
INV20300,13,Packaging,643.84,2023-04-03,USD
INV20301,40,Raw Material,2594.13,2023-01-05,CAD
INV20302,30,Logistics,1068.01,2024-03-13,USD
INV20303,49,Raw Material,2278.56,2023-06-15,USD
INV20304,41,Raw Material,3099.22,2024-03-21,CAD
INV20305,13,Raw Material,3377.28,2023-01-25,USD
INV20306,34,Services,2067.29,2024-05-22,CAD
INV20307,36,Services,3814.96,2023-04-08,EUR
INV20308,30,Packaging,3105.11,2023-09-25,EUR
INV20309,25,Packaging,5689.36,2024-10-23,USD
INV20310,2,Logistics,7325.18,2024-01-28,USD
INV20311,36,Packaging,1079.47,2024-08-18,CAD
INV20312,18,Raw Material,2666.67,2023-10-12,EUR
INV20313,5,Raw Material,233.42,2024-11-14,EUR
INV20314,19,Raw Material,1242.61,2023-04-19,USD
INV20315,42,Packaging,1231.95,2023-01-27,USD
INV20316,18,Packaging,2462.58,2023-02-24,CAD
INV20317,32,Packaging,4974.73,2023-05-13,CAD
INV20318,21,Maintenance,2889.93,2023-02-21,USD
INV20319,10,Raw Material,613.32,2024-05-07,USD
INV20320,37,Raw Material,2018.37,2023-10-25,CAD
INV20321,49,Raw Material,3513.93,2024-02-03,USD
INV20322,22,Raw Material,1918.27,2024-08-13,USD
INV20323,13,Raw Material,1922.04,2023-01-18,USD
INV20324,17,Raw Material,1034.82,2024-09-10,USD
INV20325,9,Packaging,404.57,2024-07-12,CAD
INV20326,24,Raw Material,4025.5,2023-09-03,USD
INV20327,44,Logistics,86.57,2024-05-17,USD
INV20328,14,Packaging,1540.44,2023-03-30,USD
INV20329,46,Raw Material,1808.26,2023-07-22,USD
INV20330,8,Logistics,3716.54,2023-08-28,CAD
INV20331,37,Raw Material,6070.91,2024-05-04,USD
INV20332,19,Services,3883.34,2023-01-13,CAD
INV20333,28,Services,3141.89,2024-10-10,USD
INV20334,46,Raw Material,1116.27,2023-11-11,USD
INV20335,41,Services,1022.75,2024-11-15,USD
INV20336,30,Logistics,1296.77,2023-07-17,USD
INV20337,7,Services,2377.35,2023-08-31,CAD
INV20338,26,Logistics,4178.47,2024-05-21,USD
INV20339,40,Raw Material,2654.71,2023-02-12,EUR
INV20340,46,Services,5259.29,2023-11-26,USD
INV20341,46,Raw Material,2487.99,2024-08-13,USD
INV20342,11,Raw Material,1297.14,2024-03-04,USD
INV20343,14,Raw Material,667.37,2024-09-04,EUR
INV20344,21,Raw Material,2069.53,2023-06-11,USD
INV20345,8,Packaging,1150.69,2024-10-17,USD
INV20346,3,Logistics,2691.31,2024-09-12,USD
INV20347,28,Services,2940.1,2024-03-10,USD
INV20348,29,Raw Material,411.45,2023-08-21,GBP
INV20349,23,Maintenance,4967.09,2023-04-21,CAD
INV20350,18,Services,779.32,2023-08-20,EUR
INV20351,35,Raw Material,1498.61,2024-12-09,CAD
INV20352,13,Raw Material,1717.21,2023-09-30,CAD
INV20353,12,Services,928.6,2024-08-20,USD
INV20354,47,Packaging,582.47,2023-02-10,CAD
INV20355,50,Logistics,2230.43,2024-07-13,USD
INV20356,5,Logistics,5071.93,2024-04-10,USD
INV20357,39,Packaging,1738.24,2023-03-18,CAD
INV20358,11,Raw Material,613.89,2024-11-20,EUR
INV20359,11,Packaging,940.95,2024-05-04,CAD
INV20360,47,Raw Material,1758.82,2023-04-27,CAD
INV20361,42,Packaging,1703.02,2024-03-09,USD
INV20362,47,Services,1746.88,2023-01-19,USD
INV20363,31,Packaging,1146.62,2024-07-24,USD
INV20364,31,Maintenance,3404.29,2023-07-15,CAD
INV20365,13,Packaging,8825.58,2024-09-10,GBP
INV20366,14,Logistics,2322.83,2024-03-26,USD
INV20367,49,Logistics,2284.14,2024-02-29,USD
INV20368,45,Maintenance,2613.67,2024-01-29,USD
INV20369,42,Logistics,3475.4,2023-10-11,EUR
INV20370,25,Raw Material,120.09,2023-02-03,CAD
INV20371,33,Maintenance,1985.03,2023-10-22,USD
INV20372,33,Logistics,115.47,2023-09-08,GBP
INV20373,15,Raw Material,4373.96,2024-09-29,EUR
INV20374,16,Logistics,781.03,2023-12-05,USD
INV20375,44,Services,615.79,2024-09-09,GBP
INV20376,38,Packaging,5180.89,2024-03-15,USD
INV20377,6,Raw Material,4118.27,2023-06-29,USD
INV20378,44,Services,1057.17,2024-09-13,USD
INV20379,25,Logistics,1048.96,2023-08-16,EUR
INV20380,15,Packaging,1159.63,2024-09-24,CAD
INV20381,4,Raw Material,1238.54,2024-09-10,USD
INV20382,4,Raw Material,4614.49,2024-10-04,GBP
INV20383,30,Logistics,751.16,2023-01-23,USD
INV20384,34,Services,1959.33,2024-10-18,CAD
INV20385,27,Raw Material,5645.62,2023-11-23,CAD
INV20386,31,Raw Material,1399.31,2023-06-03,USD
INV20387,32,Raw Material,7494.19,2024-09-10,USD
INV20388,44,Logistics,858.93,2023-05-26,EUR
INV20389,39,Raw Material,404.47,2023-09-09,USD
INV20390,9,Raw Material,686.3,2023-10-29,CAD
INV20391,41,Raw Material,2097.32,2023-03-11,CAD
INV20392,8,Packaging,588.87,2024-06-26,CAD
INV20393,14,Raw Material,4824.76,2023-04-03,USD
INV20394,33,Raw Material,1447.07,2024-10-10,USD
INV20395,23,Services,1903.29,2023-06-12,USD
INV20396,21,Raw Material,73.81,2023-03-22,EUR
INV20397,12,Raw Material,1627.03,2024-08-10,USD
INV20398,2,Services,1827.18,2023-03-04,USD
INV20399,13,Raw Material,493.25,2024-09-03,GBP
INV20400,4,Packaging,2422.31,2024-03-11,EUR
INV20401,20,Raw Material,2210.56,2023-02-17,USD
INV20402,50,Logistics,1142.64,2024-03-20,GBP
INV20403,48,Raw Material,579.8,2023-03-15,CAD
INV20404,14,Services,5501.86,2024-12-04,USD
INV20405,30,Raw Material,1868.25,2024-06-25,USD
INV20406,29,Raw Material,1747.3,2023-06-06,CAD
INV20407,8,Logistics,2256.72,2024-05-01,EUR
INV20408,12,Maintenance,1338.06,2023-09-23,USD
INV20409,41,Raw Material,2539.97,2023-09-13,USD
INV20410,38,Services,1738.26,2023-02-08,USD
INV20411,26,Raw Material,939.94,2023-02-24,CAD
INV20412,50,Packaging,9859.21,2023-01-28,USD
INV20413,2,Raw Material,1252.4,2023-04-28,USD
INV20414,40,Packaging,788.13,2024-01-05,CAD
INV20415,14,Raw Material,959.81,2023-07-28,EUR
INV20416,6,Raw Material,1249.54,2024-08-09,CAD
INV20417,42,Raw Material,1127.67,2024-07-30,USD
INV20418,40,Raw Material,2189.83,2024-09-03,USD
INV20419,31,Services,1990.51,2024-07-11,USD
INV20420,17,Maintenance,5063.69,2023-11-12,GBP
INV20421,25,Logistics,1786.14,2024-01-28,EUR
INV20422,32,Raw Material,918.85,2024-03-19,USD
INV20423,12,Raw Material,3993.72,2024-10-29,USD
INV20424,49,Logistics,623.7,2023-09-16,CAD
INV20425,13,Maintenance,647.6,2024-10-09,CAD
INV20426,19,Packaging,1473.49,2023-07-17,USD
INV20427,44,Services,1321.89,2024-11-29,EUR
INV20428,48,Maintenance,178.96,2024-09-19,EUR
INV20429,25,Services,4244.22,2024-03-20,CAD
INV20430,31,Raw Material,269.8,2024-07-23,EUR
INV20431,37,Raw Material,268.3,2024-08-04,EUR
INV20432,25,Packaging,535.89,2024-08-27,EUR
INV20433,16,Packaging,512.72,2024-10-10,GBP
INV20434,38,Raw Material,2472.37,2024-09-08,USD
INV20435,43,Raw Material,1314.15,2023-11-01,USD
INV20436,49,Logistics,537.18,2023-12-05,EUR
INV20437,23,Packaging,3711.84,2024-06-12,EUR
INV20438,14,Raw Material,4252.39,2023-02-23,GBP
INV20439,6,Packaging,1077.52,2023-04-22,USD
INV20440,25,Logistics,2542.37,2024-11-14,CAD
INV20441,23,Logistics,120.73,2024-02-23,USD
INV20442,43,Raw Material,4075.12,2023-11-01,CAD
INV20443,12,Logistics,3169.26,2024-03-13,USD
INV20444,13,Packaging,410.06,2024-10-17,USD
INV20445,36,Raw Material,4817.64,2023-03-26,USD
INV20446,39,Logistics,2727.66,2024-06-07,CAD
INV20447,34,Raw Material,233.69,2023-09-09,USD
INV20448,6,Raw Material,853.87,2024-12-28,USD
INV20449,38,Raw Material,1794.87,2023-05-06,USD
INV20450,50,Raw Material,993.62,2024-09-01,USD
INV20451,40,Raw Material,1898.15,2024-02-09,GBP
INV20452,8,Services,3194.76,2023-10-31,USD
INV20453,8,Raw Material,2652.24,2023-01-28,USD
INV20454,40,Maintenance,2687.66,2023-09-23,EUR
INV20455,33,Packaging,5078.22,2023-02-21,CAD
INV20456,34,Raw Material,1048.81,2024-10-16,CAD
INV20457,44,Raw Material,236.61,2024-10-05,CAD
INV20458,15,Packaging,2416.37,2024-05-25,GBP
INV20459,36,Packaging,4843.6,2023-07-26,USD
INV20460,35,Raw Material,2394.54,2024-07-27,GBP
INV20461,46,Raw Material,627.35,2024-05-25,EUR
INV20462,22,Logistics,2302.35,2024-10-05,CAD
INV20463,23,Raw Material,1749.81,2024-07-06,CAD
INV20464,40,Services,2129.03,2023-07-20,CAD
INV20465,45,Logistics,739.54,2024-09-02,USD
INV20466,22,Raw Material,1098.25,2023-10-11,USD
INV20467,5,Raw Material,1866.54,2023-12-23,GBP
INV20468,31,Raw Material,3646.86,2023-02-16,CAD
INV20469,13,Services,1438.42,2023-05-17,USD
INV20470,28,Raw Material,3402.07,2023-05-10,EUR
INV20471,20,Raw Material,910.23,2023-07-14,CAD
INV20472,33,Packaging,8080.63,2024-09-20,USD
INV20473,16,Raw Material,951.15,2023-12-30,CAD
INV20474,29,Packaging,1087.5,2024-03-07,CAD
INV20475,23,Services,2438.27,2023-03-10,USD
INV20476,24,Packaging,2282.97,2024-04-02,GBP
INV20477,34,Services,3665.04,2024-06-23,USD
INV20478,7,Services,2417.82,2023-12-01,USD
INV20479,38,Raw Material,1181.96,2024-06-09,USD
INV20480,37,Raw Material,3554.87,2024-07-11,CAD
INV20481,4,Raw Material,870.64,2023-01-16,USD
INV20482,34,Packaging,2225.89,2024-03-31,USD
INV20483,42,Raw Material,353.87,2024-05-24,EUR
INV20484,22,Maintenance,5893.88,2023-07-28,USD
INV20485,5,Packaging,3169.33,2023-06-07,EUR
INV20486,50,Raw Material,2422.52,2023-12-03,CAD
INV20487,42,Packaging,1278.91,2023-08-29,GBP
INV20488,23,Raw Material,1452.92,2023-02-27,CAD
INV20489,15,Services,294.37,2023-11-01,USD
INV20490,31,Packaging,3066.43,2023-12-11,USD
INV20491,9,Raw Material,810.55,2024-10-03,EUR
INV20492,43,Raw Material,6100.98,2024-12-29,EUR
INV20493,25,Services,540.89,2023-01-14,USD
INV20494,25,Packaging,1051.79,2023-12-25,CAD
INV20495,49,Maintenance,1351.6,2024-01-12,USD
INV20496,21,Raw Material,2010.41,2023-08-31,GBP
INV20497,9,Raw Material,1826.06,2023-05-25,GBP
INV20498,48,Raw Material,2888.54,2024-02-19,GBP
INV20499,38,Packaging,4307.71,2024-01-29,EUR
INV20500,22,Raw Material,749.27,2024-09-06,GBP
INV20501,43,Raw Material,264.56,2024-12-29,USD
INV20502,23,Packaging,4893.53,2023-12-24,EUR
INV20503,49,Packaging,2820.79,2024-07-29,CAD
INV20504,4,Raw Material,894.5,2023-06-07,GBP
INV20505,29,Packaging,272.56,2024-11-04,CAD
INV20506,15,Logistics,1733.06,2023-01-18,USD
INV20507,1,Raw Material,3158.44,2024-12-28,CAD
INV20508,30,Raw Material,614.51,2024-07-14,CAD
INV20509,29,Raw Material,2186.09,2024-07-21,USD
INV20510,20,Logistics,1289.34,2023-12-13,USD
INV20511,33,Services,1127.58,2023-02-27,CAD
INV20512,41,Raw Material,3485.19,2023-06-04,USD
INV20513,44,Raw Material,358.88,2024-07-20,USD
INV20514,36,Services,2677.97,2024-05-01,USD
INV20515,22,Maintenance,2059.27,2024-06-14,GBP
INV20516,13,Logistics,2131.65,2024-05-01,EUR
INV20517,7,Maintenance,1478.78,2023-05-31,USD
INV20518,8,Logistics,1142.0,2023-12-25,EUR
INV20519,28,Logistics,988.24,2024-01-03,CAD
INV20520,45,Raw Material,4014.69,2024-09-11,USD
INV20521,43,Raw Material,1504.57,2023-02-16,USD
INV20522,9,Raw Material,1223.12,2023-07-26,CAD
INV20523,25,Services,2371.81,2024-03-25,USD
INV20524,16,Services,4839.76,2024-04-27,EUR
INV20525,10,Packaging,2325.94,2024-10-01,USD
INV20526,11,Raw Material,1930.64,2024-11-27,USD
INV20527,31,Raw Material,1671.0,2024-07-23,GBP
INV20528,12,Raw Material,3086.45,2023-05-23,USD
INV20529,31,Raw Material,1321.98,2024-02-04,CAD
INV20530,14,Packaging,3316.35,2023-04-07,USD
INV20531,44,Services,3630.35,2023-02-16,USD
INV20532,32,Raw Material,215.3,2023-07-10,USD
INV20533,50,Raw Material,3314.59,2023-05-20,USD
INV20534,17,Packaging,3699.01,2024-09-06,USD
INV20535,35,Raw Material,1387.25,2023-08-19,USD
INV20536,1,Services,351.59,2023-12-06,CAD
INV20537,29,Raw Material,1767.35,2024-05-05,CAD
INV20538,4,Raw Material,1905.45,2023-02-18,USD
INV20539,23,Raw Material,1205.93,2024-09-15,EUR
INV20540,28,Raw Material,641.6,2024-03-28,USD
INV20541,16,Packaging,1029.55,2023-11-12,USD
INV20542,12,Raw Material,3140.8,2023-11-18,CAD
INV20543,21,Raw Material,1576.78,2023-03-28,USD
INV20544,45,Packaging,718.14,2024-04-18,USD
INV20545,17,Raw Material,4131.69,2023-10-09,USD
INV20546,40,Raw Material,3240.42,2023-03-15,EUR
INV20547,13,Packaging,1958.59,2024-03-28,CAD
INV20548,32,Logistics,421.29,2023-02-16,USD
INV20549,37,Services,4253.76,2024-08-10,USD
INV20550,50,Raw Material,5902.36,2023-04-06,EUR
INV20551,15,Raw Material,3070.18,2023-01-31,CAD
INV20552,12,Raw Material,2708.72,2024-06-17,USD
INV20553,49,Raw Material,3085.79,2023-01-17,USD
INV20554,15,Packaging,6093.04,2023-07-31,USD
INV20555,34,Services,3166.71,2024-10-21,CAD
INV20556,6,Logistics,1082.12,2023-08-23,EUR
INV20557,17,Raw Material,1425.42,2024-01-27,USD
INV20558,48,Packaging,1619.26,2023-12-20,USD
INV20559,49,Services,2027.77,2023-11-01,GBP
INV20560,20,Raw Material,3730.63,2024-08-21,CAD
INV20561,9,Packaging,1219.99,2024-07-03,CAD
INV20562,5,Maintenance,856.16,2024-07-18,USD
INV20563,23,Logistics,3977.74,2024-06-23,CAD
INV20564,33,Logistics,1677.93,2024-08-11,CAD
INV20565,38,Raw Material,204.59,2024-05-23,USD
INV20566,14,Raw Material,2629.01,2024-12-12,GBP
INV20567,17,Raw Material,556.29,2024-01-30,EUR
INV20568,19,Packaging,2435.51,2024-03-06,CAD
INV20569,33,Raw Material,1171.4,2024-11-15,CAD
INV20570,1,Services,397.15,2024-07-15,USD
INV20571,13,Services,1578.89,2023-06-26,USD
INV20572,46,Packaging,2894.25,2024-02-10,USD
INV20573,27,Raw Material,3407.52,2023-10-28,EUR
INV20574,6,Raw Material,387.29,2024-03-20,USD
INV20575,6,Logistics,873.22,2023-05-07,EUR
INV20576,33,Packaging,3007.45,2023-12-15,USD
INV20577,30,Logistics,1146.35,2023-01-21,CAD
INV20578,46,Raw Material,778.49,2024-12-11,CAD
INV20579,35,Packaging,2693.34,2024-12-01,CAD
INV20580,23,Logistics,880.82,2024-02-24,EUR
INV20581,10,Packaging,403.28,2023-06-01,GBP
INV20582,19,Packaging,1341.21,2023-06-09,USD
INV20583,28,Logistics,1687.6,2024-04-24,USD
INV20584,23,Raw Material,866.23,2024-03-18,USD
INV20585,4,Raw Material,215.17,2023-04-06,CAD
INV20586,20,Packaging,1744.89,2023-12-18,USD
INV20587,19,Raw Material,3421.56,2023-03-16,CAD
INV20588,42,Logistics,1427.88,2024-08-16,USD
INV20589,27,Logistics,489.06,2024-10-01,CAD
INV20590,34,Services,1239.15,2023-12-25,EUR
INV20591,4,Packaging,2951.21,2023-05-13,CAD
INV20592,38,Raw Material,607.55,2024-02-04,CAD
INV20593,7,Raw Material,1619.49,2023-05-19,USD
INV20594,48,Services,2033.35,2023-09-03,USD
INV20595,7,Raw Material,1376.75,2023-10-18,CAD
INV20596,50,Logistics,635.79,2023-04-22,USD
INV20597,26,Logistics,643.66,2024-12-15,GBP
INV20598,26,Raw Material,2082.98,2023-06-19,GBP
INV20599,19,Raw Material,511.0,2024-08-21,EUR
INV20600,9,Packaging,387.87,2024-09-22,USD
INV20601,20,Services,2628.23,2024-09-01,CAD
INV20602,42,Raw Material,3067.78,2023-08-28,USD
INV20603,45,Services,1244.0,2023-12-03,USD
INV20604,50,Packaging,4723.83,2023-05-18,USD
INV20605,16,Maintenance,1044.33,2024-08-16,USD
INV20606,17,Raw Material,1904.97,2023-08-24,USD
INV20607,22,Raw Material,3495.14,2024-10-09,USD
INV20608,13,Services,1215.71,2023-01-03,GBP
INV20609,12,Services,4080.36,2024-07-24,USD
INV20610,10,Raw Material,3577.78,2023-04-26,GBP
INV20611,1,Logistics,3101.99,2024-04-16,USD
INV20612,32,Services,653.85,2023-05-11,USD
INV20613,30,Raw Material,3610.68,2024-04-27,CAD
INV20614,8,Packaging,2970.47,2024-02-05,CAD
INV20615,21,Services,1481.67,2023-07-20,USD
INV20616,22,Raw Material,755.95,2023-10-19,USD
INV20617,18,Raw Material,3116.2,2023-12-08,USD
INV20618,2,Logistics,3607.48,2024-09-01,USD
INV20619,48,Raw Material,1411.78,2023-08-04,CAD
INV20620,44,Raw Material,2541.25,2024-09-27,CAD
INV20621,9,Maintenance,2817.06,2024-08-07,USD
INV20622,3,Packaging,521.72,2024-01-01,EUR
INV20623,26,Services,3575.46,2024-10-03,USD
INV20624,21,Services,4031.81,2024-04-13,CAD
INV20625,30,Raw Material,634.32,2024-02-22,EUR
INV20626,28,Raw Material,816.94,2023-01-27,GBP
INV20627,36,Raw Material,1962.37,2024-11-07,USD
INV20628,26,Raw Material,3919.17,2024-03-30,CAD
INV20629,34,Logistics,4262.94,2024-08-02,USD
INV20630,8,Packaging,573.47,2023-01-14,CAD
INV20631,10,Packaging,2219.54,2023-04-08,USD
INV20632,48,Raw Material,823.31,2023-10-06,USD
INV20633,43,Raw Material,423.65,2024-05-04,EUR
INV20634,50,Packaging,2366.38,2024-09-15,USD
INV20635,14,Packaging,2071.49,2023-07-26,EUR
INV20636,40,Raw Material,2848.85,2023-08-21,EUR
INV20637,15,Packaging,3804.48,2024-07-26,CAD
INV20638,17,Raw Material,5175.82,2024-08-19,USD
INV20639,18,Raw Material,3583.09,2024-11-25,USD
INV20640,32,Logistics,1904.52,2023-08-27,GBP
INV20641,38,Raw Material,2337.21,2023-09-07,USD
INV20642,23,Packaging,1127.32,2024-08-05,CAD
INV20643,46,Raw Material,6087.01,2024-08-19,CAD
INV20644,23,Raw Material,2230.03,2023-11-02,GBP
INV20645,35,Raw Material,3112.03,2024-04-07,EUR
INV20646,39,Services,1270.02,2023-08-24,CAD
INV20647,15,Packaging,3889.23,2023-10-18,USD
INV20648,24,Maintenance,3007.84,2023-02-08,USD
INV20649,28,Packaging,2746.19,2024-12-18,USD
INV20650,16,Packaging,1780.18,2023-07-02,EUR
INV20651,16,Raw Material,990.66,2024-11-29,CAD
INV20652,40,Raw Material,3951.57,2024-10-06,EUR
INV20653,39,Raw Material,2835.47,2023-01-30,CAD
INV20654,6,Raw Material,379.91,2024-01-23,CAD
INV20655,2,Packaging,5210.65,2023-05-23,USD
INV20656,13,Raw Material,2574.74,2024-09-06,USD
INV20657,44,Raw Material,2296.93,2024-02-23,USD
INV20658,47,Raw Material,1491.42,2023-03-15,CAD
INV20659,9,Raw Material,705.23,2023-02-24,USD
INV20660,34,Logistics,2663.32,2024-07-25,CAD
INV20661,17,Services,5515.44,2023-01-24,CAD
INV20662,27,Raw Material,1804.26,2023-01-22,USD
INV20663,29,Raw Material,3306.39,2024-03-03,USD
INV20664,37,Raw Material,733.9,2023-02-01,USD
INV20665,43,Services,4056.39,2023-12-05,USD
INV20666,22,Raw Material,1031.38,2024-05-29,CAD
INV20667,24,Logistics,2563.08,2024-05-26,USD
INV20668,7,Packaging,5360.93,2023-03-11,EUR
INV20669,34,Raw Material,1030.72,2024-11-02,EUR
INV20670,48,Raw Material,324.89,2023-03-29,USD
INV20671,12,Raw Material,224.61,2024-07-24,CAD
INV20672,23,Services,1569.23,2023-08-07,CAD
INV20673,15,Packaging,788.14,2024-12-13,CAD
INV20674,33,Packaging,2690.55,2024-08-11,USD
INV20675,13,Packaging,2655.97,2023-09-27,USD
INV20676,23,Packaging,4057.46,2024-10-12,USD
INV20677,38,Packaging,2500.8,2023-03-19,USD
INV20678,32,Raw Material,3612.56,2024-08-14,EUR
INV20679,45,Raw Material,7061.88,2023-01-10,CAD
INV20680,50,Raw Material,1512.59,2024-04-12,GBP
INV20681,35,Logistics,4555.94,2023-12-02,USD
INV20682,1,Raw Material,7797.61,2024-09-27,USD
INV20683,47,Packaging,766.78,2023-07-05,CAD
INV20684,45,Raw Material,3656.64,2024-06-29,USD
INV20685,5,Services,973.4,2023-05-01,USD
INV20686,13,Raw Material,1569.04,2024-08-14,CAD
INV20687,5,Raw Material,370.21,2024-12-18,USD
INV20688,32,Services,381.62,2024-07-18,CAD
INV20689,21,Raw Material,1930.7,2024-10-29,USD
INV20690,24,Maintenance,3346.7,2023-10-01,CAD
INV20691,18,Raw Material,1981.47,2024-02-14,EUR
INV20692,21,Raw Material,3431.75,2023-12-24,USD
INV20693,10,Logistics,720.17,2024-10-08,GBP
INV20694,24,Services,828.6,2023-04-08,CAD
INV20695,40,Raw Material,5688.85,2023-08-29,GBP
INV20696,47,Services,936.8,2024-07-10,USD
INV20697,21,Packaging,1553.93,2024-12-11,CAD
INV20698,25,Services,1165.29,2023-04-24,USD
INV20699,23,Raw Material,1941.27,2024-05-01,EUR
INV20700,22,Raw Material,2278.76,2023-08-29,CAD
INV20701,4,Services,1777.98,2023-06-05,USD
INV20702,34,Services,1343.45,2023-12-18,GBP
INV20703,6,Packaging,1940.58,2023-02-13,USD
INV20704,28,Raw Material,2338.43,2024-08-14,USD
INV20705,31,Raw Material,1270.74,2023-11-08,CAD
INV20706,35,Packaging,2220.09,2023-05-18,CAD
INV20707,39,Raw Material,633.24,2024-10-24,USD
INV20708,42,Raw Material,1699.31,2024-03-11,USD
INV20709,23,Raw Material,1889.68,2023-05-23,GBP
INV20710,6,Logistics,2283.36,2023-10-26,CAD
INV20711,16,Raw Material,652.11,2024-07-15,USD
INV20712,2,Packaging,1399.55,2023-09-19,USD
INV20713,24,Packaging,2087.1,2024-05-26,GBP
INV20714,17,Packaging,1354.48,2024-11-03,CAD
INV20715,45,Raw Material,1968.41,2023-03-03,GBP
INV20716,1,Raw Material,2532.58,2024-07-20,USD
INV20717,6,Logistics,1330.09,2024-02-27,CAD
INV20718,5,Services,2813.31,2024-01-31,CAD
INV20719,45,Logistics,2422.95,2023-01-31,USD
INV20720,50,Services,2078.83,2023-11-26,CAD
INV20721,29,Logistics,4892.48,2023-06-18,CAD
INV20722,12,Logistics,4156.82,2023-09-23,USD
INV20723,39,Raw Material,4598.48,2023-11-04,EUR
INV20724,47,Raw Material,2484.91,2024-04-03,EUR
INV20725,3,Packaging,869.21,2023-07-04,EUR
INV20726,48,Raw Material,812.34,2023-11-30,EUR
INV20727,1,Packaging,2873.79,2024-05-29,USD
INV20728,27,Raw Material,4450.07,2024-03-16,USD
INV20729,48,Logistics,3381.39,2024-11-03,EUR
INV20730,24,Packaging,4922.48,2024-01-26,USD
INV20731,44,Packaging,540.03,2024-07-13,USD
INV20732,19,Maintenance,573.92,2023-09-11,CAD
INV20733,8,Raw Material,284.35,2024-08-08,USD
INV20734,44,Raw Material,2105.73,2023-12-01,CAD
INV20735,47,Raw Material,937.78,2024-02-04,USD
INV20736,2,Services,1887.92,2023-06-15,USD
INV20737,30,Packaging,1080.78,2023-09-17,GBP
INV20738,30,Packaging,2424.55,2023-01-04,EUR
INV20739,49,Raw Material,2123.85,2023-04-29,EUR
INV20740,39,Packaging,2733.56,2024-04-14,CAD
INV20741,45,Raw Material,1261.48,2024-04-14,EUR
INV20742,32,Logistics,1843.39,2024-05-07,EUR
INV20743,1,Services,1104.67,2024-05-14,CAD
INV20744,38,Logistics,1288.43,2023-03-11,GBP
INV20745,13,Logistics,3318.22,2024-11-24,USD
INV20746,11,Packaging,1992.09,2024-01-05,GBP
INV20747,10,Logistics,1075.68,2023-06-30,USD
INV20748,48,Raw Material,1836.47,2023-01-05,CAD
INV20749,26,Logistics,1220.07,2023-07-16,USD
INV20750,20,Raw Material,1729.18,2023-02-16,CAD
INV20751,17,Raw Material,6734.33,2024-07-05,CAD
INV20752,17,Raw Material,3937.14,2024-09-25,GBP
INV20753,4,Packaging,2723.37,2024-10-08,GBP
INV20754,5,Raw Material,611.3,2023-05-20,GBP
INV20755,23,Logistics,93.07,2024-10-26,USD
INV20756,46,Raw Material,1485.23,2024-06-23,GBP
INV20757,10,Raw Material,1654.32,2024-03-02,USD
INV20758,46,Logistics,2705.45,2024-08-11,EUR
INV20759,28,Raw Material,335.49,2024-11-17,USD
INV20760,33,Logistics,854.48,2024-07-14,CAD
INV20761,43,Packaging,4350.7,2023-11-06,GBP
INV20762,26,Maintenance,999.57,2023-10-01,GBP
INV20763,50,Packaging,1070.62,2024-06-22,CAD
INV20764,48,Raw Material,8626.02,2024-01-25,EUR
INV20765,29,Raw Material,4111.4,2024-04-03,USD
INV20766,27,Raw Material,2934.34,2024-09-25,CAD
INV20767,18,Services,711.41,2023-12-27,CAD
INV20768,40,Raw Material,2081.05,2023-03-10,USD
INV20769,10,Raw Material,1605.45,2024-08-05,USD
INV20770,42,Raw Material,3355.87,2024-10-23,USD
INV20771,5,Services,227.76,2024-11-29,CAD
INV20772,10,Raw Material,2120.39,2024-03-06,USD
INV20773,50,Maintenance,3590.61,2024-12-08,USD
INV20774,21,Raw Material,1613.32,2023-02-01,USD
INV20775,24,Raw Material,1673.13,2024-09-12,CAD
INV20776,38,Raw Material,1711.93,2024-05-27,CAD
INV20777,3,Services,1050.86,2023-07-01,CAD
INV20778,40,Services,3466.98,2024-11-16,CAD
INV20779,31,Raw Material,5472.0,2024-11-11,USD
INV20780,41,Raw Material,329.39,2023-09-05,USD
INV20781,37,Logistics,2805.29,2024-09-11,EUR
INV20782,2,Raw Material,1654.28,2023-10-24,USD
INV20783,2,Raw Material,599.15,2023-01-30,USD
INV20784,39,Raw Material,597.41,2023-10-29,CAD
INV20785,49,Raw Material,1841.16,2024-04-20,USD
INV20786,42,Raw Material,1550.37,2023-12-18,EUR
INV20787,44,Raw Material,572.0,2024-04-26,USD
INV20788,34,Raw Material,1249.21,2023-11-13,CAD
INV20789,42,Services,2773.75,2024-02-01,USD
INV20790,20,Raw Material,744.91,2023-03-30,USD
INV20791,33,Logistics,1807.65,2023-08-22,USD
INV20792,4,Raw Material,2877.25,2023-06-17,EUR
INV20793,45,Logistics,1397.67,2023-05-06,GBP
INV20794,44,Raw Material,634.42,2024-07-26,USD
INV20795,11,Logistics,2265.96,2023-04-30,EUR
INV20796,42,Raw Material,727.32,2024-03-03,CAD
INV20797,47,Services,2282.88,2023-07-09,GBP
INV20798,5,Raw Material,1904.2,2024-09-24,EUR
INV20799,25,Raw Material,3561.86,2024-03-03,USD
INV20800,49,Maintenance,1472.86,2024-07-13,CAD
INV20801,37,Packaging,5208.4,2023-07-21,CAD
INV20802,34,Raw Material,2897.45,2023-02-28,USD
INV20803,9,Services,4062.17,2024-11-27,USD
INV20804,6,Raw Material,1639.43,2023-08-11,GBP
INV20805,18,Raw Material,1260.47,2024-05-06,GBP
INV20806,14,Maintenance,685.24,2023-01-11,EUR
INV20807,19,Raw Material,1132.13,2024-12-01,GBP
INV20808,14,Services,1651.83,2024-05-26,EUR
INV20809,40,Raw Material,3254.53,2023-11-06,USD
INV20810,17,Logistics,1767.47,2023-02-03,USD
INV20811,35,Packaging,799.35,2023-12-06,USD
INV20812,29,Maintenance,529.24,2024-10-08,USD
INV20813,42,Packaging,916.85,2024-04-25,USD
INV20814,17,Raw Material,821.24,2024-07-27,CAD
INV20815,43,Packaging,3900.45,2023-04-03,EUR
INV20816,8,Raw Material,1322.16,2024-09-19,EUR
INV20817,1,Logistics,520.64,2023-05-13,CAD
INV20818,45,Services,2348.86,2024-02-23,GBP
INV20819,36,Packaging,1749.65,2024-04-12,CAD
INV20820,7,Logistics,2112.53,2024-03-19,EUR
INV20821,46,Raw Material,1793.2,2024-12-05,USD
INV20822,5,Packaging,1142.41,2023-01-30,USD
INV20823,24,Raw Material,1000.65,2023-10-25,GBP
INV20824,28,Packaging,268.7,2023-03-02,USD
INV20825,43,Raw Material,1569.16,2024-04-02,CAD
INV20826,17,Logistics,3094.92,2023-10-31,USD
INV20827,37,Raw Material,3215.84,2023-12-06,CAD
INV20828,20,Logistics,1041.46,2024-03-23,GBP
INV20829,3,Raw Material,4649.33,2023-10-29,USD
INV20830,37,Services,501.04,2024-06-23,EUR
INV20831,26,Raw Material,1744.18,2024-04-29,USD
INV20832,15,Packaging,919.9,2023-03-18,USD
INV20833,48,Raw Material,1761.44,2024-09-24,USD
INV20834,8,Logistics,4080.36,2024-05-29,EUR
INV20835,13,Raw Material,695.25,2024-07-02,USD
INV20836,48,Logistics,1451.24,2024-10-20,CAD
INV20837,3,Raw Material,1333.94,2023-04-02,USD
INV20838,1,Logistics,1576.48,2024-04-10,USD
INV20839,9,Raw Material,996.53,2024-04-10,EUR
INV20840,31,Raw Material,2555.14,2024-08-21,USD
INV20841,41,Packaging,1163.43,2023-02-09,USD
INV20842,26,Raw Material,1087.89,2024-11-20,USD
INV20843,17,Raw Material,4113.68,2023-11-25,CAD
INV20844,34,Services,1727.81,2023-10-12,CAD
INV20845,9,Maintenance,1084.81,2024-07-07,USD
INV20846,13,Logistics,2741.12,2023-03-07,USD
INV20847,5,Raw Material,1530.89,2024-09-27,USD
INV20848,41,Raw Material,1333.39,2024-10-18,USD
INV20849,13,Packaging,2203.35,2024-09-23,EUR
INV20850,1,Raw Material,6174.44,2023-04-19,EUR
INV20851,25,Services,1368.34,2024-02-19,CAD
INV20852,47,Raw Material,2278.06,2023-04-02,USD
INV20853,4,Maintenance,1696.61,2024-01-03,CAD
INV20854,36,Packaging,583.71,2024-02-27,EUR
INV20855,10,Logistics,865.85,2024-07-25,CAD
INV20856,28,Raw Material,2327.06,2023-08-28,EUR
INV20857,6,Services,1613.45,2024-03-10,CAD
INV20858,27,Raw Material,1269.83,2023-07-31,CAD
INV20859,12,Logistics,2460.46,2024-02-04,USD
INV20860,48,Services,2091.53,2024-09-01,CAD
INV20861,3,Raw Material,431.48,2024-06-09,USD
INV20862,46,Raw Material,837.06,2024-12-30,EUR
INV20863,33,Packaging,1729.97,2024-04-12,EUR
INV20864,10,Raw Material,732.47,2023-06-19,EUR
INV20865,31,Packaging,3822.19,2023-07-29,USD
INV20866,15,Raw Material,1728.48,2023-09-13,USD
INV20867,7,Raw Material,1538.58,2024-11-13,USD
INV20868,36,Logistics,4733.96,2023-03-14,CAD
INV20869,14,Packaging,1873.52,2023-05-27,EUR
INV20870,48,Raw Material,1315.17,2023-12-06,CAD
INV20871,14,Services,878.84,2023-11-13,USD
INV20872,3,Services,2349.48,2024-09-09,GBP
INV20873,49,Packaging,1559.21,2024-08-28,GBP
INV20874,46,Raw Material,572.9,2024-07-28,USD
INV20875,50,Raw Material,2571.36,2023-06-03,CAD
INV20876,3,Logistics,1240.32,2023-09-12,EUR
INV20877,22,Logistics,2985.77,2023-12-17,CAD
INV20878,19,Raw Material,4117.08,2024-06-30,GBP
INV20879,35,Logistics,499.25,2023-11-08,USD
INV20880,12,Raw Material,1524.39,2024-10-30,CAD
INV20881,5,Raw Material,2137.46,2023-05-14,CAD
INV20882,10,Logistics,1085.48,2023-05-09,EUR
INV20883,41,Packaging,2015.47,2024-03-11,EUR
INV20884,33,Raw Material,812.33,2023-10-07,GBP
INV20885,13,Packaging,3770.69,2023-12-24,CAD
INV20886,35,Services,3784.35,2023-09-09,EUR
INV20887,32,Packaging,1008.51,2023-05-15,USD
INV20888,11,Logistics,391.31,2024-06-06,USD
INV20889,48,Raw Material,1320.94,2024-10-21,USD
INV20890,38,Raw Material,1319.22,2023-11-15,EUR
INV20891,24,Raw Material,2772.13,2023-03-21,GBP
INV20892,35,Packaging,581.76,2023-07-10,USD
INV20893,19,Logistics,4809.98,2024-03-28,USD
INV20894,6,Raw Material,1253.05,2023-12-10,EUR
INV20895,40,Raw Material,1981.23,2023-01-30,CAD
INV20896,45,Raw Material,1913.91,2024-02-18,GBP
INV20897,44,Raw Material,3800.3,2024-01-03,USD
INV20898,42,Services,3058.41,2024-08-18,USD
INV20899,35,Packaging,5368.12,2024-05-16,USD
INV20900,4,Raw Material,1319.46,2024-10-23,USD
INV20901,33,Logistics,1471.17,2024-12-01,USD
INV20902,13,Logistics,415.1,2023-01-21,USD
INV20903,36,Logistics,2032.37,2024-07-02,USD
INV20904,43,Raw Material,271.67,2023-09-03,USD
INV20905,19,Raw Material,1694.49,2023-10-10,GBP
INV20906,43,Raw Material,1825.49,2024-09-05,USD
INV20907,12,Services,1963.34,2023-08-20,USD
INV20908,11,Logistics,1896.2,2023-11-12,EUR
INV20909,6,Packaging,743.08,2023-12-02,CAD
INV20910,12,Raw Material,5340.69,2024-02-15,CAD
INV20911,27,Raw Material,1049.95,2023-09-02,CAD
INV20912,41,Raw Material,3344.73,2024-01-22,EUR
INV20913,25,Maintenance,6823.95,2024-11-19,EUR
INV20914,42,Raw Material,1498.1,2024-12-25,CAD
INV20915,3,Raw Material,521.16,2023-12-24,EUR
INV20916,3,Maintenance,816.6,2024-09-05,CAD
INV20917,20,Packaging,1638.49,2023-01-22,USD
INV20918,28,Logistics,5217.82,2023-01-19,EUR
INV20919,23,Raw Material,364.64,2023-10-14,CAD
INV20920,48,Packaging,1624.36,2023-10-03,GBP
INV20921,3,Raw Material,1291.41,2024-10-20,USD
INV20922,42,Logistics,2296.01,2024-07-05,USD
INV20923,24,Raw Material,2367.95,2024-11-09,GBP
INV20924,43,Raw Material,2065.3,2024-08-25,USD
INV20925,40,Logistics,807.7,2023-03-13,GBP
INV20926,6,Packaging,779.95,2023-12-31,GBP
INV20927,20,Packaging,549.2,2023-12-01,EUR
INV20928,11,Raw Material,1727.79,2024-10-13,CAD
INV20929,32,Raw Material,1242.59,2024-08-12,CAD
INV20930,27,Logistics,1920.64,2023-07-18,EUR
INV20931,21,Logistics,1428.19,2023-01-17,EUR
INV20932,44,Maintenance,5702.7,2023-08-06,CAD
INV20933,48,Logistics,191.64,2024-10-11,GBP
INV20934,50,Packaging,1395.73,2023-05-27,CAD
INV20935,13,Services,486.21,2023-07-29,GBP
INV20936,22,Raw Material,2690.31,2024-10-31,USD
INV20937,35,Raw Material,1188.05,2024-02-18,USD
INV20938,47,Raw Material,1023.05,2024-10-26,USD
INV20939,22,Raw Material,3414.91,2023-11-26,USD
INV20940,28,Logistics,745.91,2023-12-18,EUR
INV20941,21,Packaging,5952.14,2023-06-12,USD
INV20942,46,Packaging,3009.72,2023-04-11,GBP
INV20943,18,Raw Material,724.02,2023-11-23,USD
INV20944,31,Packaging,1974.81,2023-11-23,USD
INV20945,46,Raw Material,4082.0,2023-06-04,USD
INV20946,37,Logistics,8672.56,2023-01-10,CAD
INV20947,21,Raw Material,189.2,2023-12-19,USD
INV20948,14,Services,442.87,2023-07-02,USD
INV20949,25,Raw Material,1162.09,2024-03-30,CAD
INV20950,27,Raw Material,705.32,2024-10-07,USD
INV20951,40,Packaging,3155.73,2023-01-06,USD
INV20952,23,Services,451.19,2023-11-29,EUR
INV20953,31,Packaging,50.0,2023-11-29,USD
INV20954,47,Logistics,1122.36,2023-09-15,USD
INV20955,29,Maintenance,1591.43,2023-07-30,USD
INV20956,47,Maintenance,852.57,2023-02-20,USD
INV20957,30,Logistics,1500.76,2024-03-20,CAD
INV20958,26,Logistics,642.64,2024-10-20,USD
INV20959,20,Raw Material,395.06,2024-01-12,EUR
INV20960,38,Services,1405.23,2024-10-01,GBP
INV20961,19,Raw Material,245.86,2024-04-30,USD
INV20962,27,Maintenance,1909.76,2023-02-20,GBP
INV20963,25,Raw Material,1309.74,2023-06-03,USD
INV20964,40,Raw Material,770.96,2024-08-04,USD
INV20965,38,Packaging,2294.75,2023-11-06,USD
INV20966,23,Raw Material,4854.9,2024-02-03,USD
INV20967,29,Raw Material,7529.11,2023-05-14,CAD
INV20968,15,Packaging,2538.12,2023-08-08,USD
INV20969,3,Logistics,2902.13,2023-06-12,EUR
INV20970,10,Packaging,1585.74,2024-10-09,CAD
INV20971,15,Raw Material,1985.53,2024-07-22,USD
INV20972,16,Logistics,1263.17,2024-05-16,CAD
INV20973,17,Raw Material,2381.64,2024-11-19,GBP
INV20974,19,Raw Material,3257.54,2023-04-25,USD
INV20975,11,Logistics,663.69,2024-05-13,USD
INV20976,48,Services,4633.19,2024-04-16,USD
INV20977,5,Packaging,2271.2,2023-05-29,USD
INV20978,5,Packaging,1470.43,2023-08-29,CAD
INV20979,14,Raw Material,1133.92,2023-05-03,USD
INV20980,50,Packaging,1234.76,2023-03-10,CAD
INV20981,26,Raw Material,2057.46,2023-03-04,CAD
INV20982,8,Maintenance,1745.52,2023-01-16,CAD
INV20983,5,Services,2869.09,2024-01-25,USD
INV20984,7,Logistics,2677.09,2024-08-12,USD
INV20985,16,Packaging,1651.92,2024-09-25,USD
INV20986,14,Logistics,618.2,2023-09-15,USD
INV20987,37,Packaging,2008.14,2023-08-05,GBP
INV20988,41,Raw Material,913.74,2024-04-23,USD
INV20989,4,Raw Material,382.96,2023-04-24,USD
INV20990,36,Packaging,1980.18,2024-01-15,USD
INV20991,48,Services,490.72,2024-10-19,EUR
INV20992,17,Raw Material,856.78,2023-08-25,EUR
INV20993,47,Raw Material,595.23,2024-04-20,CAD
INV20994,36,Raw Material,1766.59,2024-08-20,USD
INV20995,6,Services,1882.6,2024-11-09,USD
INV20996,16,Raw Material,3588.95,2023-05-09,CAD
INV20997,29,Raw Material,2022.27,2024-05-24,GBP
INV20998,36,Packaging,3274.72,2023-06-14,CAD
INV20999,38,Packaging,661.31,2023-10-04,CAD
INV21000,37,Raw Material,3690.45,2023-09-14,USD
INV21001,48,Raw Material,621.35,2023-05-12,USD
INV21002,48,Packaging,467.91,2024-07-23,EUR
INV21003,10,Packaging,1976.03,2023-09-14,USD
INV21004,41,Maintenance,1381.34,2023-05-21,GBP
INV21005,36,Logistics,1285.0,2024-11-16,USD
INV21006,29,Raw Material,2367.87,2024-11-17,USD
INV21007,14,Packaging,704.25,2023-07-28,CAD
INV21008,4,Raw Material,2440.98,2024-12-16,USD
INV21009,44,Raw Material,1455.96,2024-06-02,USD
INV21010,42,Services,3210.71,2023-02-20,USD
INV21011,36,Services,633.57,2024-05-17,CAD
INV21012,50,Raw Material,670.96,2023-09-16,USD
INV21013,45,Raw Material,5151.56,2023-06-27,USD
INV21014,13,Raw Material,2129.86,2024-06-26,CAD
INV21015,46,Raw Material,1161.72,2023-12-22,USD
INV21016,18,Packaging,3402.34,2023-11-14,GBP
INV21017,33,Raw Material,4075.39,2024-10-27,USD
INV21018,21,Maintenance,1036.16,2023-12-30,CAD
INV21019,16,Raw Material,1749.92,2023-02-24,USD
INV21020,15,Packaging,5676.35,2023-06-05,EUR
INV21021,5,Services,829.42,2023-02-13,CAD
INV21022,6,Packaging,868.32,2024-08-15,GBP
INV21023,38,Raw Material,1956.53,2024-11-08,USD
INV21024,3,Raw Material,618.34,2024-06-25,USD
INV21025,48,Raw Material,1748.65,2023-11-18,CAD
INV21026,12,Maintenance,1642.32,2024-10-09,USD
INV21027,36,Services,580.3,2023-01-14,USD
INV21028,33,Services,1145.33,2023-12-23,GBP
INV21029,36,Services,5502.34,2024-04-27,USD
INV21030,33,Raw Material,2123.11,2024-09-09,GBP
INV21031,31,Services,675.76,2023-12-25,USD
INV21032,21,Maintenance,1431.06,2023-11-14,CAD
INV21033,27,Raw Material,3283.58,2023-03-16,CAD
INV21034,27,Raw Material,1660.9,2024-08-13,CAD
INV21035,8,Packaging,2144.46,2023-07-13,GBP
INV21036,37,Raw Material,2803.55,2023-12-29,USD
INV21037,32,Raw Material,5164.57,2023-04-06,EUR
INV21038,26,Services,1937.82,2023-02-09,CAD
INV21039,2,Services,1878.57,2024-02-01,USD
INV21040,12,Raw Material,2115.1,2023-04-17,GBP
INV21041,22,Raw Material,3419.45,2023-01-17,USD
INV21042,17,Services,1202.88,2024-06-10,EUR
INV21043,7,Logistics,1143.96,2024-05-13,USD
INV21044,43,Raw Material,3116.28,2024-06-08,EUR
INV21045,4,Logistics,3789.16,2024-12-26,CAD
INV21046,37,Services,2978.57,2024-10-24,USD
INV21047,38,Services,2502.94,2023-02-12,CAD
INV21048,32,Raw Material,2584.1,2024-09-17,USD
INV21049,11,Raw Material,3223.33,2024-08-15,USD
INV21050,1,Services,1642.89,2023-12-16,USD
INV21051,25,Raw Material,2587.44,2024-10-14,USD
INV21052,42,Logistics,3113.2,2023-01-30,USD
INV21053,24,Raw Material,1023.23,2024-03-16,CAD
INV21054,43,Raw Material,4813.57,2024-06-25,USD
INV21055,17,Raw Material,2738.05,2024-03-30,CAD
INV21056,8,Raw Material,2648.11,2024-09-02,USD
INV21057,45,Services,971.81,2023-04-04,CAD
INV21058,27,Raw Material,2922.39,2024-12-23,CAD
INV21059,18,Services,2209.79,2023-10-22,USD
INV21060,27,Services,3657.47,2024-07-02,EUR
INV21061,22,Raw Material,1061.5,2023-03-30,CAD
INV21062,16,Logistics,890.43,2024-05-17,CAD
INV21063,2,Raw Material,2496.57,2023-08-02,USD
INV21064,5,Logistics,1519.21,2024-02-26,USD
INV21065,18,Packaging,2259.1,2024-06-09,EUR
INV21066,3,Raw Material,1178.2,2023-07-11,EUR
INV21067,27,Raw Material,1383.22,2024-11-24,USD
INV21068,17,Logistics,4361.63,2024-10-03,USD
INV21069,16,Services,2623.56,2023-08-12,CAD
INV21070,6,Raw Material,5768.66,2024-07-08,CAD
INV21071,7,Packaging,2785.14,2024-11-23,EUR
INV21072,50,Raw Material,1888.69,2024-01-22,USD
INV21073,14,Services,3045.26,2024-11-11,USD
INV21074,38,Raw Material,2810.74,2024-04-18,USD
INV21075,40,Logistics,1934.71,2024-08-30,USD
INV21076,15,Raw Material,1722.96,2023-07-22,USD
INV21077,47,Packaging,2594.69,2024-03-22,EUR
INV21078,47,Services,1305.06,2023-03-09,CAD
INV21079,48,Logistics,1142.28,2023-04-02,EUR
INV21080,33,Logistics,330.5,2023-06-27,USD
INV21081,43,Packaging,776.03,2024-10-24,USD
INV21082,27,Services,4938.03,2024-07-12,USD
INV21083,29,Packaging,622.29,2023-01-03,USD
INV21084,37,Services,6116.29,2023-04-13,EUR
INV21085,5,Packaging,3090.34,2023-09-30,USD
INV21086,29,Packaging,5961.8,2024-06-17,USD
INV21087,32,Raw Material,6732.48,2023-04-26,USD
INV21088,6,Packaging,1513.25,2024-04-08,USD
INV21089,2,Raw Material,1379.49,2023-04-14,EUR
INV21090,6,Services,148.18,2023-09-16,USD
INV21091,46,Logistics,1043.12,2023-11-04,CAD
INV21092,43,Maintenance,184.22,2024-01-02,CAD
INV21093,4,Raw Material,206.96,2024-10-03,USD
INV21094,29,Raw Material,747.62,2023-10-29,USD
INV21095,25,Services,1296.26,2024-07-13,EUR
INV21096,9,Raw Material,2363.79,2023-01-27,CAD
INV21097,3,Packaging,1376.05,2024-05-22,USD
INV21098,26,Services,1394.75,2024-06-10,USD
INV21099,48,Packaging,1982.4,2023-12-31,USD
INV21100,43,Raw Material,1409.5,2023-10-25,USD
INV21101,27,Services,4860.88,2023-12-27,USD
INV21102,36,Raw Material,1045.02,2024-10-07,USD
INV21103,32,Services,1452.91,2024-05-18,USD
INV21104,1,Raw Material,2159.33,2024-08-10,USD
INV21105,16,Logistics,2105.69,2023-01-30,USD
INV21106,48,Raw Material,1242.36,2024-03-14,EUR
INV21107,11,Logistics,1849.79,2023-12-06,CAD
INV21108,26,Raw Material,1101.95,2023-05-06,GBP
INV21109,40,Services,1976.08,2024-08-18,USD
INV21110,1,Packaging,3270.17,2024-07-19,CAD
INV21111,26,Raw Material,1412.16,2024-01-01,USD
INV21112,28,Logistics,1840.77,2024-03-18,CAD
INV21113,9,Packaging,1262.95,2023-09-20,USD
INV21114,44,Raw Material,1038.22,2023-08-10,USD
INV21115,22,Raw Material,2101.58,2023-01-02,GBP
INV21116,8,Raw Material,518.54,2024-01-29,CAD
INV21117,49,Raw Material,931.83,2023-11-02,GBP
INV21118,42,Raw Material,3640.27,2023-05-26,USD
INV21119,27,Raw Material,560.94,2024-06-13,USD
INV21120,39,Packaging,2974.04,2024-06-11,USD
INV21121,19,Packaging,2974.52,2023-11-04,CAD
INV21122,25,Raw Material,1560.52,2024-11-01,CAD
INV21123,38,Maintenance,1454.86,2023-12-06,GBP
INV21124,21,Services,1258.89,2023-12-18,USD
INV21125,24,Raw Material,2192.93,2023-07-28,CAD
INV21126,24,Raw Material,1224.39,2023-07-24,USD
INV21127,19,Services,2376.8,2024-09-16,USD
INV21128,50,Packaging,732.69,2024-11-20,CAD
INV21129,47,Raw Material,3541.78,2024-12-21,CAD
INV21130,2,Packaging,2486.6,2024-09-27,USD
INV21131,14,Logistics,50.0,2023-01-15,USD
INV21132,32,Raw Material,3443.81,2024-03-03,USD
INV21133,42,Logistics,3273.66,2024-04-20,USD
INV21134,32,Logistics,3837.95,2023-10-25,USD
INV21135,28,Packaging,2636.32,2024-07-10,USD
INV21136,48,Services,2672.37,2023-04-04,USD
INV21137,39,Raw Material,529.25,2023-04-17,GBP
INV21138,40,Packaging,493.9,2024-02-23,GBP
INV21139,42,Raw Material,3108.82,2023-10-05,USD
INV21140,47,Raw Material,2115.58,2023-05-08,GBP
INV21141,40,Raw Material,167.4,2024-04-03,CAD
INV21142,13,Raw Material,2011.02,2023-02-07,USD
INV21143,12,Raw Material,516.28,2024-08-31,USD
INV21144,8,Raw Material,317.55,2023-07-17,GBP
INV21145,15,Raw Material,5890.75,2024-12-04,CAD
INV21146,26,Logistics,702.8,2023-12-23,EUR
INV21147,12,Raw Material,307.23,2023-01-07,EUR
INV21148,43,Logistics,3545.94,2024-07-09,USD
INV21149,46,Raw Material,580.39,2023-11-28,USD
INV21150,27,Raw Material,3063.4,2024-06-02,USD
INV21151,18,Raw Material,2288.26,2023-07-13,USD
INV21152,45,Raw Material,2082.76,2023-11-12,USD
INV21153,36,Packaging,603.11,2023-01-01,USD
INV21154,49,Raw Material,1411.67,2023-03-03,USD
INV21155,27,Maintenance,1427.0,2023-12-09,USD
INV21156,9,Maintenance,1392.51,2024-08-23,USD
INV21157,39,Raw Material,3497.2,2023-01-18,USD
INV21158,1,Logistics,1384.27,2024-09-11,USD
INV21159,7,Raw Material,2729.07,2024-10-08,USD
INV21160,26,Packaging,1866.13,2024-01-06,CAD
INV21161,7,Logistics,585.45,2024-08-01,GBP
INV21162,7,Raw Material,2614.93,2024-08-27,USD
INV21163,8,Raw Material,2882.2,2024-10-11,USD
INV21164,16,Raw Material,1175.59,2024-12-01,EUR
INV21165,3,Raw Material,2203.05,2024-07-24,CAD
INV21166,45,Packaging,2790.75,2024-11-29,EUR
INV21167,10,Raw Material,7745.15,2023-08-23,USD
INV21168,50,Raw Material,1139.26,2023-03-10,EUR
INV21169,7,Packaging,2491.75,2024-03-22,GBP
INV21170,21,Logistics,1304.09,2024-09-01,CAD
INV21171,37,Raw Material,2650.23,2023-01-08,USD
INV21172,31,Logistics,1451.19,2024-04-06,EUR
INV21173,23,Logistics,601.54,2023-11-07,EUR
INV21174,27,Logistics,478.16,2023-05-14,EUR
INV21175,22,Logistics,3500.54,2024-01-20,USD
INV21176,39,Packaging,263.33,2023-02-25,EUR
INV21177,27,Raw Material,2775.79,2023-12-26,USD
INV21178,49,Packaging,1191.91,2023-04-24,USD
INV21179,4,Maintenance,2927.44,2023-03-29,CAD
INV21180,24,Packaging,3095.94,2023-05-18,USD
INV21181,23,Raw Material,1320.2,2023-04-18,CAD
INV21182,48,Raw Material,6579.77,2024-05-14,CAD
INV21183,19,Maintenance,1517.23,2024-06-18,USD
INV21184,42,Raw Material,2812.58,2023-05-24,CAD
INV21185,3,Raw Material,1326.18,2024-10-17,GBP
INV21186,27,Raw Material,1686.05,2023-02-25,USD
INV21187,3,Maintenance,1168.9,2024-09-11,CAD
INV21188,28,Raw Material,1568.86,2023-01-06,USD
INV21189,17,Raw Material,267.02,2024-06-25,USD
INV21190,31,Packaging,1274.49,2024-03-22,USD
INV21191,10,Raw Material,2229.48,2024-01-20,USD
INV21192,49,Services,916.43,2023-11-03,USD
INV21193,22,Packaging,1954.99,2024-09-30,GBP
INV21194,30,Packaging,4378.6,2023-10-29,CAD
INV21195,49,Services,2068.25,2024-09-24,CAD
INV21196,21,Maintenance,1781.49,2024-02-09,USD
INV21197,36,Raw Material,1400.78,2024-09-02,CAD
INV21198,23,Raw Material,1435.43,2024-11-08,USD
INV21199,38,Services,2268.67,2024-07-15,USD
INV21200,12,Raw Material,1258.32,2024-05-24,USD
INV21201,25,Services,612.48,2023-03-14,USD
INV21202,20,Services,427.02,2024-07-17,USD
INV21203,49,Raw Material,2861.53,2023-09-22,CAD
INV21204,49,Maintenance,5388.48,2023-08-15,EUR
INV21205,42,Raw Material,4708.05,2023-07-12,USD
INV21206,7,Packaging,644.73,2024-01-09,USD
INV21207,29,Raw Material,4667.68,2023-01-10,USD
INV21208,48,Services,3817.76,2023-10-29,GBP
INV21209,29,Packaging,2557.04,2023-12-25,EUR
INV21210,13,Packaging,1625.84,2023-02-21,CAD
INV21211,3,Services,2014.65,2023-04-09,GBP
INV21212,2,Packaging,1147.59,2024-08-15,USD
INV21213,16,Raw Material,3983.99,2023-01-13,GBP
INV21214,30,Services,4107.06,2024-01-25,USD
INV21215,38,Logistics,344.55,2023-12-23,USD
INV21216,6,Services,7128.27,2024-10-01,CAD
INV21217,45,Services,4492.46,2023-01-11,USD
INV21218,7,Raw Material,586.9,2023-03-22,CAD
INV21219,5,Raw Material,1994.64,2023-09-18,USD
INV21220,7,Raw Material,451.84,2023-01-06,CAD
INV21221,34,Logistics,1801.56,2024-04-02,USD
INV21222,32,Raw Material,3825.95,2024-01-08,USD
INV21223,49,Logistics,495.0,2024-04-25,GBP
INV21224,13,Raw Material,2098.22,2023-08-10,EUR
INV21225,30,Raw Material,3593.97,2023-03-22,GBP
INV21226,25,Raw Material,1215.55,2024-05-29,CAD
INV21227,21,Raw Material,2789.99,2023-03-01,CAD
INV21228,21,Packaging,2442.49,2023-08-09,CAD
INV21229,28,Raw Material,2668.71,2023-12-15,USD
INV21230,48,Raw Material,1427.14,2024-07-14,USD
INV21231,20,Raw Material,1765.54,2023-08-16,USD
INV21232,34,Logistics,1675.36,2023-10-17,EUR
INV21233,5,Services,2277.74,2023-10-20,USD
INV21234,18,Raw Material,364.33,2023-07-12,GBP
INV21235,39,Logistics,1557.54,2024-04-18,CAD
INV21236,43,Raw Material,787.86,2023-09-14,CAD
INV21237,11,Raw Material,3846.27,2024-05-20,USD
INV21238,17,Packaging,3001.52,2024-01-23,USD
INV21239,48,Raw Material,1783.91,2024-09-06,GBP
INV21240,45,Logistics,2132.05,2024-02-02,USD
INV21241,22,Raw Material,2528.26,2024-01-01,USD
INV21242,37,Maintenance,1481.47,2024-10-19,USD
INV21243,20,Raw Material,217.92,2023-10-17,USD
INV21244,48,Packaging,2190.47,2023-11-05,USD
INV21245,48,Services,521.12,2023-10-05,CAD
INV21246,48,Raw Material,1213.12,2024-04-08,USD
INV21247,46,Packaging,1573.33,2023-07-08,CAD
INV21248,6,Raw Material,2112.94,2023-06-27,USD
INV21249,34,Packaging,2318.51,2024-06-11,EUR
INV21250,14,Raw Material,549.35,2024-01-10,EUR
INV21251,48,Raw Material,707.87,2024-08-20,USD
INV21252,23,Packaging,2097.24,2024-03-29,USD
INV21253,20,Raw Material,2923.45,2023-08-05,USD
INV21254,13,Packaging,1396.15,2023-02-11,EUR
INV21255,47,Raw Material,1655.0,2023-07-13,CAD
INV21256,44,Raw Material,374.46,2023-11-23,GBP
INV21257,41,Packaging,2466.87,2024-01-08,USD
INV21258,32,Packaging,2385.28,2024-04-09,USD
INV21259,26,Raw Material,3303.52,2023-06-12,USD
INV21260,50,Raw Material,1617.54,2023-10-03,USD
INV21261,14,Raw Material,5689.93,2023-12-30,CAD
INV21262,36,Raw Material,1036.0,2024-10-03,USD
INV21263,8,Raw Material,1816.73,2024-04-24,CAD
INV21264,40,Raw Material,5401.22,2024-11-19,CAD
INV21265,22,Packaging,3265.24,2024-04-04,EUR
INV21266,22,Packaging,1884.81,2023-09-22,USD
INV21267,16,Raw Material,1012.35,2024-06-22,GBP
INV21268,27,Raw Material,418.07,2024-01-21,GBP
INV21269,10,Raw Material,648.26,2023-03-26,GBP
INV21270,25,Packaging,935.63,2024-12-08,EUR
INV21271,31,Services,3314.34,2023-11-12,EUR
INV21272,21,Logistics,3429.96,2023-08-31,CAD
INV21273,27,Logistics,6489.72,2024-04-13,USD
INV21274,17,Services,1709.92,2023-12-08,CAD
INV21275,33,Raw Material,1257.05,2023-06-26,CAD
INV21276,31,Raw Material,2299.72,2023-05-10,GBP
INV21277,50,Packaging,1133.21,2024-10-18,CAD
INV21278,42,Raw Material,852.68,2023-03-24,USD
INV21279,26,Packaging,786.36,2023-12-26,CAD
INV21280,21,Logistics,3580.93,2023-03-29,GBP
INV21281,36,Logistics,314.86,2024-06-15,USD
INV21282,1,Raw Material,1903.47,2024-09-29,USD
INV21283,4,Packaging,2430.62,2024-04-15,CAD
INV21284,4,Packaging,1116.57,2024-05-12,USD
INV21285,26,Services,2626.99,2024-05-21,USD
INV21286,4,Logistics,4526.68,2023-12-20,USD
INV21287,49,Maintenance,780.09,2024-02-20,EUR
INV21288,9,Raw Material,1650.5,2023-02-20,USD
INV21289,30,Raw Material,954.68,2024-08-22,USD
INV21290,45,Raw Material,762.83,2024-11-12,EUR
INV21291,4,Raw Material,3246.5,2023-03-04,GBP
INV21292,5,Services,1609.96,2023-03-30,GBP
INV21293,45,Maintenance,4355.34,2024-12-01,USD
INV21294,23,Raw Material,270.27,2023-07-09,GBP
INV21295,16,Raw Material,1421.74,2024-08-23,USD
INV21296,22,Raw Material,1037.24,2023-12-14,CAD
INV21297,37,Services,278.09,2024-06-21,CAD
INV21298,8,Raw Material,2165.44,2023-06-25,USD
INV21299,48,Raw Material,1512.54,2023-12-30,CAD
INV21300,33,Raw Material,2026.9,2024-07-07,USD
INV21301,38,Raw Material,913.39,2024-04-27,EUR
INV21302,43,Services,2892.36,2023-04-29,USD
INV21303,16,Raw Material,5966.17,2023-06-18,CAD
INV21304,5,Raw Material,1810.17,2024-09-11,USD
INV21305,16,Raw Material,1285.73,2023-05-27,USD
INV21306,7,Packaging,1729.23,2024-11-18,GBP
INV21307,1,Logistics,1985.74,2024-03-12,EUR
INV21308,9,Raw Material,321.22,2024-03-14,GBP
INV21309,18,Raw Material,2710.07,2023-07-08,USD
INV21310,45,Services,1442.54,2023-06-09,USD
INV21311,47,Raw Material,2410.99,2024-02-06,CAD
INV21312,3,Packaging,3122.83,2024-08-08,USD
INV21313,24,Raw Material,6797.07,2023-01-18,USD
INV21314,28,Raw Material,1948.83,2023-05-20,CAD
INV21315,10,Logistics,1571.72,2023-04-25,USD
INV21316,9,Services,1078.51,2023-11-24,USD
INV21317,13,Packaging,1234.12,2023-08-13,USD
INV21318,48,Raw Material,2967.08,2024-07-11,CAD
INV21319,35,Packaging,584.52,2024-03-14,CAD
INV21320,23,Packaging,2870.04,2024-07-03,USD
INV21321,47,Packaging,1869.7,2024-12-18,CAD
INV21322,17,Logistics,2599.58,2024-01-21,USD
INV21323,46,Raw Material,2240.67,2024-06-04,GBP
INV21324,7,Packaging,3020.35,2023-09-10,GBP
INV21325,16,Packaging,2079.58,2024-09-11,CAD
INV21326,40,Raw Material,2318.62,2023-04-08,USD
INV21327,36,Logistics,2078.8,2023-03-12,CAD
INV21328,20,Raw Material,2987.49,2024-07-04,CAD
INV21329,24,Raw Material,1179.13,2024-03-22,GBP
INV21330,47,Maintenance,760.15,2023-03-31,GBP
INV21331,5,Raw Material,2746.67,2024-03-05,EUR
INV21332,45,Raw Material,2747.73,2023-08-07,USD
INV21333,6,Packaging,1273.26,2023-04-17,GBP
INV21334,28,Maintenance,8247.19,2024-04-20,CAD
INV21335,5,Maintenance,534.82,2024-03-29,EUR
INV21336,49,Packaging,617.38,2024-08-30,USD
INV21337,39,Raw Material,1279.94,2024-06-27,USD
INV21338,38,Services,1527.85,2023-05-06,USD
INV21339,2,Packaging,2927.44,2023-05-27,USD
INV21340,43,Raw Material,2981.95,2023-10-07,USD
INV21341,39,Services,560.94,2023-01-24,EUR
INV21342,21,Raw Material,1485.81,2024-12-21,USD
INV21343,40,Raw Material,1567.97,2023-04-30,USD
INV21344,37,Services,2301.53,2024-10-13,USD
INV21345,18,Packaging,3475.92,2023-10-24,USD
INV21346,48,Raw Material,589.35,2023-03-23,GBP
INV21347,46,Raw Material,1141.35,2024-03-23,USD
INV21348,12,Packaging,216.3,2024-12-20,USD
INV21349,17,Raw Material,2304.8,2024-04-14,GBP
INV21350,37,Raw Material,1879.7,2024-02-27,EUR
INV21351,46,Packaging,1538.08,2024-06-28,USD
INV21352,38,Services,3155.21,2023-01-24,EUR
INV21353,15,Packaging,3620.75,2023-03-02,CAD
INV21354,7,Logistics,3480.51,2024-12-01,EUR
INV21355,14,Logistics,612.05,2023-03-25,USD
INV21356,50,Logistics,1173.8,2023-08-13,GBP
INV21357,1,Raw Material,1918.85,2024-11-10,USD
INV21358,38,Services,1343.34,2023-07-05,USD
INV21359,3,Raw Material,4568.01,2024-01-10,USD
INV21360,37,Raw Material,3513.92,2023-03-13,USD
INV21361,44,Raw Material,1485.19,2023-03-15,GBP
INV21362,31,Logistics,1321.54,2023-12-07,CAD
INV21363,43,Raw Material,812.69,2023-06-02,USD
INV21364,13,Raw Material,2614.14,2023-04-06,USD
INV21365,48,Logistics,2829.74,2024-07-18,USD
INV21366,18,Services,456.13,2024-03-20,GBP
INV21367,17,Packaging,397.25,2024-11-16,CAD
INV21368,17,Raw Material,613.63,2023-04-20,CAD
INV21369,11,Raw Material,4080.41,2024-04-02,CAD
INV21370,20,Packaging,3433.53,2023-02-20,EUR
INV21371,10,Raw Material,1949.06,2024-01-12,CAD
INV21372,29,Packaging,2042.69,2023-03-14,USD
INV21373,48,Raw Material,416.47,2023-07-31,EUR
INV21374,34,Services,5677.15,2024-03-07,CAD
INV21375,17,Packaging,3954.81,2024-12-24,CAD
INV21376,42,Raw Material,1468.03,2023-06-17,GBP
INV21377,13,Services,2232.58,2023-11-27,EUR
INV21378,44,Raw Material,1173.07,2024-05-08,EUR
INV21379,47,Raw Material,1573.35,2023-05-23,GBP
INV21380,39,Services,624.45,2024-08-04,USD
INV21381,27,Raw Material,1632.06,2024-03-20,USD
INV21382,26,Raw Material,855.82,2024-01-29,CAD
INV21383,28,Raw Material,1481.4,2024-05-26,USD
INV21384,13,Raw Material,2862.29,2024-11-16,EUR
INV21385,12,Raw Material,713.64,2024-09-12,EUR
INV21386,44,Logistics,1068.19,2024-12-15,CAD
INV21387,28,Packaging,190.62,2024-11-27,GBP
INV21388,2,Raw Material,829.11,2023-11-24,USD
INV21389,37,Raw Material,3318.67,2024-08-26,CAD
INV21390,34,Services,3067.54,2023-09-16,CAD
INV21391,23,Maintenance,1547.74,2024-03-12,USD
INV21392,45,Packaging,2114.27,2024-12-18,USD
INV21393,29,Services,309.98,2024-07-17,EUR
INV21394,35,Logistics,773.57,2023-12-15,CAD
INV21395,11,Raw Material,642.71,2024-11-23,EUR
INV21396,48,Raw Material,2792.01,2024-05-29,CAD
INV21397,33,Raw Material,934.53,2024-03-24,USD
INV21398,11,Services,1417.64,2024-02-03,USD
INV21399,9,Logistics,4149.41,2024-08-18,USD
INV21400,14,Logistics,901.85,2023-08-02,GBP
INV21401,9,Raw Material,205.9,2024-06-29,USD
INV21402,39,Packaging,3589.66,2024-07-15,GBP
INV21403,48,Logistics,760.08,2023-10-16,GBP
INV21404,3,Services,4823.98,2023-09-16,GBP
INV21405,29,Raw Material,1466.61,2023-09-15,USD
INV21406,19,Logistics,554.17,2024-01-23,GBP
INV21407,36,Raw Material,2470.07,2024-11-24,USD
INV21408,32,Logistics,2470.76,2024-06-28,USD
INV21409,7,Packaging,3119.79,2023-09-22,USD
INV21410,28,Raw Material,857.84,2023-11-09,GBP
INV21411,44,Logistics,1080.93,2023-02-09,USD
INV21412,18,Raw Material,837.47,2023-07-29,CAD
INV21413,5,Services,2321.65,2023-09-29,USD
INV21414,23,Raw Material,1025.05,2023-05-16,USD
INV21415,22,Logistics,2059.01,2024-08-21,USD
INV21416,26,Services,440.33,2023-03-01,EUR
INV21417,42,Raw Material,2067.94,2024-05-24,CAD
INV21418,12,Packaging,1952.97,2024-11-06,GBP
INV21419,40,Packaging,845.22,2024-05-29,CAD
INV21420,19,Raw Material,1942.01,2023-01-15,GBP
INV21421,47,Packaging,428.71,2024-09-05,CAD
INV21422,1,Logistics,1121.23,2023-09-12,CAD
INV21423,3,Services,663.04,2024-12-22,CAD
INV21424,27,Services,1833.4,2024-06-18,USD
INV21425,18,Packaging,1235.5,2023-08-23,EUR
INV21426,50,Logistics,2639.58,2023-05-11,CAD
INV21427,30,Services,748.71,2024-10-31,EUR
INV21428,2,Packaging,995.77,2024-11-15,EUR
INV21429,5,Raw Material,565.78,2023-01-17,USD
INV21430,29,Raw Material,5046.58,2023-07-04,CAD
INV21431,33,Services,119.93,2024-01-26,USD
INV21432,42,Packaging,4045.03,2024-02-27,CAD
INV21433,20,Logistics,4169.61,2024-03-17,CAD
INV21434,30,Raw Material,1192.69,2024-11-26,GBP
INV21435,42,Maintenance,918.54,2024-10-16,USD
INV21436,5,Raw Material,1511.58,2024-07-09,USD
INV21437,50,Logistics,679.61,2023-01-12,USD
INV21438,21,Raw Material,1206.44,2024-06-03,USD
INV21439,15,Raw Material,3224.76,2023-03-21,EUR
INV21440,20,Logistics,347.07,2024-11-04,EUR
INV21441,8,Maintenance,2520.93,2023-10-29,CAD
INV21442,49,Raw Material,1444.29,2023-08-04,EUR
INV21443,31,Raw Material,6338.79,2023-09-05,USD
INV21444,12,Raw Material,1648.13,2024-06-24,USD
INV21445,21,Raw Material,768.11,2023-09-29,USD
INV21446,30,Raw Material,1133.4,2023-05-13,EUR
INV21447,27,Logistics,1193.91,2023-01-05,CAD
INV21448,44,Services,4034.84,2024-06-25,CAD
INV21449,26,Raw Material,1527.61,2024-09-20,USD
INV21450,33,Packaging,1900.39,2024-11-20,USD
INV21451,26,Raw Material,1189.44,2023-05-21,GBP
INV21452,26,Raw Material,684.29,2024-04-27,USD
INV21453,36,Raw Material,370.88,2023-11-01,EUR
INV21454,40,Packaging,4231.53,2023-12-11,USD
INV21455,1,Raw Material,1964.17,2024-07-15,USD
INV21456,15,Raw Material,1226.08,2023-09-27,CAD
INV21457,50,Raw Material,1634.29,2023-04-18,USD
INV21458,1,Raw Material,1767.97,2024-07-11,CAD
INV21459,11,Raw Material,2911.26,2024-04-18,CAD
INV21460,2,Services,634.27,2023-03-23,CAD
INV21461,1,Logistics,3367.02,2024-09-29,EUR
INV21462,31,Services,1134.99,2023-03-25,CAD
INV21463,44,Raw Material,1896.0,2023-10-17,USD
INV21464,16,Raw Material,537.95,2023-03-12,CAD
INV21465,22,Raw Material,526.98,2023-06-24,CAD
INV21466,42,Raw Material,523.49,2024-04-07,USD
INV21467,18,Logistics,268.27,2024-01-30,GBP
INV21468,47,Raw Material,2082.96,2023-04-01,CAD
INV21469,17,Raw Material,1559.39,2024-04-13,EUR
INV21470,30,Packaging,1269.82,2024-03-09,EUR
INV21471,10,Raw Material,594.15,2023-09-06,USD
INV21472,35,Maintenance,4354.83,2024-10-05,CAD
INV21473,21,Raw Material,182.31,2024-11-11,USD
INV21474,16,Packaging,2555.71,2024-07-25,USD
INV21475,6,Raw Material,587.42,2023-08-29,EUR
INV21476,3,Maintenance,2416.65,2024-12-02,EUR
INV21477,41,Raw Material,3583.31,2024-05-10,USD
INV21478,43,Packaging,882.69,2023-12-06,CAD
INV21479,21,Raw Material,454.31,2024-04-15,GBP
INV21480,13,Logistics,536.95,2024-04-07,CAD
INV21481,18,Raw Material,1596.81,2023-10-02,EUR
INV21482,24,Raw Material,1598.78,2023-01-15,EUR
INV21483,27,Services,819.58,2023-02-10,USD
INV21484,4,Maintenance,6179.5,2023-07-27,USD
INV21485,22,Raw Material,2241.88,2023-03-01,CAD
INV21486,24,Services,791.57,2023-12-31,USD
INV21487,40,Raw Material,2483.9,2023-08-28,CAD
INV21488,45,Services,513.4,2024-08-30,CAD
INV21489,10,Packaging,5908.53,2023-06-09,EUR
INV21490,2,Packaging,1357.41,2024-02-01,USD
INV21491,40,Services,1055.48,2024-05-14,USD
INV21492,6,Services,2848.53,2023-07-28,USD
INV21493,48,Raw Material,1102.79,2023-05-13,CAD
INV21494,18,Logistics,2236.71,2024-01-16,USD
INV21495,17,Raw Material,2890.47,2024-03-08,CAD
INV21496,38,Services,1092.22,2024-08-31,USD
INV21497,45,Logistics,2830.3,2024-01-24,CAD
INV21498,23,Raw Material,1499.08,2024-08-05,USD
INV21499,46,Logistics,2305.27,2024-03-07,CAD
INV21500,30,Packaging,1962.81,2023-10-01,USD
INV21501,21,Packaging,4322.63,2023-12-17,USD
INV21502,10,Raw Material,439.79,2023-05-14,GBP
INV21503,43,Raw Material,1894.98,2023-03-07,USD
INV21504,13,Logistics,588.1,2024-09-30,CAD
INV21505,12,Raw Material,4052.54,2023-07-24,GBP
INV21506,9,Raw Material,1128.07,2023-10-25,CAD
INV21507,4,Logistics,1663.15,2023-04-27,EUR
INV21508,39,Raw Material,657.76,2023-09-24,USD
INV21509,24,Packaging,1248.69,2023-05-29,USD
INV21510,34,Packaging,381.46,2023-07-13,USD
INV21511,39,Logistics,144.73,2024-11-10,USD
INV21512,41,Raw Material,2368.79,2023-06-28,USD
INV21513,5,Raw Material,1227.91,2023-05-28,USD
INV21514,15,Raw Material,1723.75,2024-04-09,CAD
INV21515,50,Services,1527.44,2024-07-22,GBP
INV21516,4,Raw Material,1092.21,2023-01-05,USD
INV21517,39,Maintenance,2460.12,2024-06-09,USD
INV21518,8,Packaging,3827.53,2023-10-07,USD
INV21519,49,Services,614.91,2024-05-13,USD
INV21520,45,Raw Material,2219.48,2024-03-11,EUR
INV21521,24,Raw Material,1562.1,2023-08-04,USD
INV21522,28,Services,3051.89,2024-11-17,USD
INV21523,43,Raw Material,333.63,2024-05-29,CAD
INV21524,27,Raw Material,493.35,2023-05-17,EUR
INV21525,1,Raw Material,1577.71,2024-09-03,CAD
INV21526,34,Maintenance,3204.52,2024-08-17,CAD
INV21527,17,Packaging,3109.56,2023-10-07,USD
INV21528,37,Packaging,2441.67,2023-05-12,USD
INV21529,38,Logistics,1662.49,2024-01-28,USD
INV21530,26,Raw Material,1971.42,2024-04-25,USD
INV21531,24,Logistics,1371.86,2024-05-27,GBP
INV21532,39,Raw Material,2171.42,2024-09-19,CAD
INV21533,21,Services,1982.61,2024-02-23,USD
INV21534,30,Raw Material,2361.87,2023-07-21,USD
INV21535,47,Raw Material,3999.83,2024-10-13,USD
INV21536,48,Packaging,344.82,2024-10-19,CAD
INV21537,13,Raw Material,851.33,2024-04-06,USD
INV21538,37,Packaging,1821.24,2023-07-21,USD
INV21539,3,Raw Material,1855.26,2023-06-01,CAD
INV21540,32,Raw Material,1520.86,2023-08-10,USD
INV21541,35,Packaging,1499.98,2023-03-20,USD
INV21542,19,Packaging,5983.52,2023-07-19,USD
INV21543,14,Raw Material,2321.06,2023-04-09,USD
INV21544,48,Packaging,186.83,2023-08-01,USD
INV21545,22,Raw Material,718.25,2023-05-23,USD
INV21546,17,Raw Material,4132.06,2024-12-02,EUR
INV21547,4,Raw Material,446.47,2024-01-24,CAD
INV21548,45,Services,1444.1,2024-01-09,CAD
INV21549,40,Logistics,3212.68,2023-02-21,EUR
INV21550,19,Raw Material,1445.1,2024-09-15,USD
INV21551,37,Packaging,3197.82,2023-05-15,EUR
INV21552,2,Services,1963.48,2024-02-15,USD
INV21553,15,Raw Material,2128.61,2024-04-14,USD
INV21554,2,Services,377.77,2023-04-22,USD
INV21555,11,Raw Material,1325.05,2024-06-08,USD
INV21556,45,Services,845.75,2023-02-13,GBP
INV21557,23,Packaging,2061.13,2024-02-01,USD
INV21558,10,Raw Material,5612.88,2024-08-07,USD
INV21559,3,Raw Material,2532.11,2023-09-18,USD
INV21560,5,Maintenance,3082.99,2024-06-28,USD
INV21561,3,Logistics,955.15,2024-01-23,USD
INV21562,38,Packaging,2747.42,2024-04-20,USD
INV21563,13,Raw Material,421.26,2024-02-14,USD
INV21564,42,Raw Material,1408.77,2024-08-02,EUR
INV21565,19,Raw Material,2956.67,2023-01-16,USD
INV21566,40,Raw Material,1786.36,2024-10-23,USD
INV21567,50,Packaging,2928.09,2023-04-12,CAD
INV21568,35,Services,4771.36,2023-07-05,GBP
INV21569,24,Logistics,2456.72,2023-01-25,USD
INV21570,24,Raw Material,1474.75,2023-03-13,USD
INV21571,17,Packaging,951.08,2024-08-15,GBP
INV21572,40,Services,1087.88,2024-07-26,USD
INV21573,10,Logistics,1526.47,2023-01-18,CAD
INV21574,2,Logistics,2698.86,2024-07-23,USD
INV21575,44,Maintenance,3387.8,2023-11-28,GBP
INV21576,23,Logistics,765.96,2024-07-22,GBP
INV21577,6,Raw Material,1600.4,2023-04-07,EUR
INV21578,2,Raw Material,701.21,2024-12-27,USD
INV21579,21,Maintenance,1987.52,2023-01-12,USD
INV21580,35,Packaging,3100.98,2023-01-11,USD
INV21581,49,Raw Material,3128.99,2023-06-12,EUR
INV21582,29,Packaging,923.88,2023-10-10,GBP
INV21583,7,Logistics,966.18,2024-12-29,USD
INV21584,29,Maintenance,1634.18,2023-08-29,CAD
INV21585,37,Raw Material,1426.8,2023-02-14,USD
INV21586,23,Packaging,2911.95,2024-08-15,USD
INV21587,33,Services,1670.38,2023-09-12,CAD
INV21588,8,Raw Material,2182.16,2023-03-08,USD
INV21589,12,Raw Material,1688.41,2024-09-05,USD
INV21590,46,Services,1571.6,2024-08-25,USD
INV21591,48,Packaging,662.29,2023-02-11,EUR
INV21592,10,Packaging,1415.67,2024-01-19,EUR
INV21593,15,Packaging,1103.58,2024-08-11,GBP
INV21594,24,Raw Material,6019.04,2023-08-22,CAD
INV21595,26,Services,5345.78,2024-12-14,CAD
INV21596,47,Raw Material,2114.0,2024-04-29,USD
INV21597,42,Raw Material,2104.02,2023-02-08,GBP
INV21598,39,Raw Material,1647.64,2023-01-11,CAD
INV21599,3,Raw Material,1706.11,2024-09-15,CAD
INV21600,2,Services,2210.22,2024-02-13,CAD
INV21601,6,Logistics,3513.81,2023-04-18,EUR
INV21602,21,Services,3815.31,2023-04-04,USD
INV21603,9,Raw Material,1621.67,2023-03-25,USD
INV21604,10,Logistics,3627.85,2023-02-27,CAD
INV21605,36,Packaging,384.21,2023-10-20,EUR
INV21606,3,Services,433.57,2023-01-16,CAD
INV21607,41,Logistics,1590.49,2024-04-21,USD
INV21608,24,Raw Material,635.6,2024-08-27,USD
INV21609,22,Raw Material,2277.2,2023-06-14,CAD
INV21610,49,Raw Material,2363.43,2024-03-12,CAD
INV21611,14,Packaging,695.66,2024-12-27,CAD
INV21612,42,Maintenance,6876.3,2024-10-17,USD
INV21613,45,Raw Material,3809.57,2024-02-07,GBP
INV21614,44,Raw Material,948.76,2024-01-21,CAD
INV21615,27,Raw Material,366.86,2023-05-18,EUR
INV21616,33,Logistics,1176.95,2024-12-16,USD
INV21617,22,Raw Material,2358.67,2024-12-22,USD
INV21618,29,Raw Material,1319.33,2024-06-14,EUR
INV21619,19,Raw Material,126.13,2023-10-20,USD
INV21620,19,Packaging,1178.72,2024-04-19,CAD
INV21621,6,Packaging,5083.6,2024-04-06,USD
INV21622,45,Logistics,2155.7,2024-01-08,EUR
INV21623,19,Raw Material,674.01,2023-06-11,USD
INV21624,13,Packaging,390.26,2024-10-03,USD
INV21625,26,Raw Material,313.6,2023-02-13,GBP
INV21626,22,Raw Material,627.57,2023-03-24,CAD
INV21627,21,Packaging,711.34,2024-09-27,USD
INV21628,36,Raw Material,2234.77,2024-06-22,USD
INV21629,2,Packaging,6927.16,2024-06-02,GBP
INV21630,47,Raw Material,780.27,2024-02-15,USD
INV21631,44,Raw Material,3188.13,2023-12-07,CAD
INV21632,30,Services,6306.58,2024-12-11,USD
INV21633,27,Packaging,485.32,2024-09-15,EUR
INV21634,7,Logistics,3237.14,2023-03-30,EUR
INV21635,20,Services,1844.09,2024-10-01,CAD
INV21636,50,Packaging,657.27,2023-08-18,USD
INV21637,31,Logistics,1153.94,2023-01-18,EUR
INV21638,23,Packaging,1947.8,2024-11-03,USD
INV21639,13,Raw Material,2769.44,2023-10-08,GBP
INV21640,17,Raw Material,1586.9,2024-02-26,USD
INV21641,4,Packaging,2289.31,2024-11-08,CAD
INV21642,14,Raw Material,4020.78,2024-12-02,USD
INV21643,20,Raw Material,660.37,2023-12-04,CAD
INV21644,13,Raw Material,2366.1,2023-09-23,USD
INV21645,3,Raw Material,688.26,2023-12-21,USD
INV21646,26,Raw Material,2863.24,2023-12-26,USD
INV21647,26,Raw Material,1163.02,2023-08-05,USD
INV21648,18,Raw Material,2712.0,2023-11-17,USD
INV21649,32,Raw Material,1520.98,2024-12-19,USD
INV21650,14,Packaging,1048.05,2024-10-26,EUR
INV21651,47,Raw Material,1097.91,2024-11-23,USD
INV21652,3,Services,103.23,2023-07-31,CAD
INV21653,1,Services,1483.3,2023-07-22,USD
INV21654,26,Packaging,2298.64,2024-12-17,CAD
INV21655,24,Logistics,3373.64,2023-06-02,USD
INV21656,49,Raw Material,3691.32,2024-11-12,GBP
INV21657,35,Raw Material,1349.94,2024-03-04,EUR
INV21658,14,Services,3723.16,2023-10-14,USD
INV21659,3,Raw Material,5295.81,2023-11-17,EUR
INV21660,13,Services,497.04,2024-03-11,USD
INV21661,47,Packaging,1002.54,2024-08-14,CAD
INV21662,50,Raw Material,5930.52,2024-05-10,USD
INV21663,14,Packaging,2955.02,2024-08-26,USD
INV21664,21,Packaging,1285.81,2023-05-29,USD
INV21665,26,Raw Material,1513.95,2024-06-25,CAD
INV21666,3,Raw Material,3195.11,2024-09-26,USD
INV21667,40,Logistics,804.22,2024-04-26,EUR
INV21668,4,Packaging,1550.26,2023-11-22,CAD
INV21669,36,Raw Material,2358.77,2023-01-29,USD
INV21670,43,Raw Material,2013.8,2023-09-16,CAD
INV21671,1,Services,2163.44,2024-11-28,EUR
INV21672,40,Packaging,378.9,2023-03-16,GBP
INV21673,47,Packaging,2059.27,2024-07-10,CAD
INV21674,33,Maintenance,786.67,2024-08-03,EUR
INV21675,7,Raw Material,725.58,2024-05-12,EUR
INV21676,11,Packaging,3713.78,2024-02-20,USD
INV21677,27,Services,2467.37,2024-12-22,USD
INV21678,14,Logistics,1256.51,2023-12-06,USD
INV21679,22,Raw Material,1912.22,2023-11-04,USD
INV21680,16,Raw Material,2260.17,2024-12-04,USD
INV21681,46,Logistics,2227.68,2024-09-06,GBP
INV21682,12,Raw Material,2820.82,2023-08-29,USD
INV21683,49,Services,3645.12,2023-09-10,CAD
INV21684,46,Raw Material,2283.64,2023-08-08,CAD
INV21685,10,Raw Material,2847.58,2024-02-01,USD
INV21686,24,Raw Material,284.75,2023-12-02,USD
INV21687,46,Logistics,2759.03,2024-12-29,CAD
INV21688,18,Services,2072.04,2024-12-14,CAD
INV21689,22,Packaging,2849.1,2023-01-29,GBP
INV21690,9,Services,1401.43,2024-05-08,USD
INV21691,17,Raw Material,4231.5,2024-12-24,EUR
INV21692,38,Raw Material,502.77,2024-05-16,USD
INV21693,40,Services,2384.01,2023-06-03,CAD
INV21694,13,Services,2386.53,2023-08-19,CAD
INV21695,50,Services,1177.82,2023-04-12,USD
INV21696,37,Logistics,1194.02,2023-06-26,USD
INV21697,6,Raw Material,2939.75,2024-11-23,USD
INV21698,21,Raw Material,621.23,2023-08-20,USD
INV21699,36,Services,1378.84,2023-01-12,CAD
INV21700,7,Raw Material,144.21,2023-07-05,USD
INV21701,36,Raw Material,1425.67,2023-09-23,CAD
INV21702,25,Logistics,390.59,2023-05-15,USD
INV21703,11,Raw Material,7499.51,2023-01-31,EUR
INV21704,44,Services,4121.23,2024-03-31,EUR
INV21705,14,Raw Material,1015.41,2023-09-16,EUR
INV21706,45,Logistics,397.62,2023-04-14,CAD
INV21707,29,Packaging,2341.71,2024-03-06,USD
INV21708,10,Packaging,1439.3,2024-01-17,EUR
INV21709,50,Packaging,997.68,2024-04-13,USD
INV21710,48,Raw Material,1676.9,2024-05-27,USD
INV21711,5,Packaging,1518.42,2023-07-26,USD
INV21712,8,Packaging,3449.65,2024-10-08,CAD
INV21713,46,Packaging,818.59,2024-03-22,CAD
INV21714,5,Raw Material,266.47,2023-03-30,CAD
INV21715,24,Raw Material,3050.72,2023-07-14,USD
INV21716,40,Raw Material,2067.95,2024-02-18,USD
INV21717,26,Logistics,672.45,2023-05-02,GBP
INV21718,6,Raw Material,680.54,2024-04-06,CAD
INV21719,16,Services,652.66,2023-04-26,USD
INV21720,36,Logistics,1379.92,2023-07-15,CAD
INV21721,12,Logistics,5917.21,2023-02-05,USD
INV21722,11,Services,4118.81,2023-03-08,USD
INV21723,3,Raw Material,1112.13,2024-10-06,USD
INV21724,44,Services,4707.39,2023-10-08,USD
INV21725,37,Packaging,686.71,2024-04-23,USD
INV21726,6,Services,1281.94,2023-01-11,EUR
INV21727,19,Services,1440.72,2024-12-30,CAD
INV21728,18,Raw Material,6879.07,2023-11-18,USD
INV21729,16,Raw Material,459.03,2024-10-29,CAD
INV21730,23,Packaging,2694.71,2023-08-28,GBP
INV21731,43,Logistics,1123.14,2023-03-01,USD
INV21732,37,Raw Material,1617.09,2024-10-11,EUR
INV21733,9,Raw Material,719.5,2024-07-15,CAD
INV21734,3,Raw Material,1500.0,2024-11-09,USD
INV21735,8,Packaging,3919.27,2023-06-14,USD
INV21736,38,Maintenance,135.93,2023-07-08,USD
INV21737,4,Logistics,1596.37,2024-05-01,CAD
INV21738,12,Raw Material,236.45,2023-04-02,USD
INV21739,44,Raw Material,3523.8,2023-10-16,CAD
INV21740,31,Raw Material,190.2,2024-05-23,CAD
INV21741,25,Packaging,615.44,2023-03-16,USD
INV21742,16,Services,3884.34,2024-07-10,EUR
INV21743,42,Raw Material,1179.64,2024-03-03,EUR
INV21744,14,Packaging,1269.78,2024-01-20,USD
INV21745,13,Services,1371.46,2023-02-22,GBP
INV21746,41,Services,1397.36,2023-06-24,USD
INV21747,7,Raw Material,1032.28,2024-11-03,USD
INV21748,12,Raw Material,4893.1,2024-08-01,USD
INV21749,37,Raw Material,4490.68,2024-04-18,CAD
INV21750,50,Logistics,1284.56,2023-12-27,CAD
INV21751,4,Maintenance,423.36,2023-09-27,USD
INV21752,2,Raw Material,2467.51,2024-02-11,USD
INV21753,35,Raw Material,1551.52,2023-05-04,USD
INV21754,44,Services,1163.69,2024-11-24,EUR
INV21755,3,Logistics,1130.71,2024-01-11,EUR
INV21756,4,Maintenance,1431.15,2024-01-27,CAD
INV21757,38,Raw Material,517.75,2023-07-01,CAD
INV21758,12,Raw Material,909.77,2023-02-05,CAD
INV21759,19,Raw Material,262.5,2023-07-31,USD
INV21760,10,Raw Material,2593.8,2023-05-14,USD
INV21761,1,Packaging,6764.27,2024-11-20,CAD
INV21762,17,Raw Material,7210.73,2024-11-08,CAD
INV21763,16,Raw Material,2045.72,2024-05-05,USD
INV21764,9,Services,815.54,2024-03-13,GBP
INV21765,9,Raw Material,1993.59,2023-02-15,EUR
INV21766,9,Logistics,5125.48,2024-10-29,USD
INV21767,12,Raw Material,3038.56,2024-02-05,CAD
INV21768,41,Services,1179.08,2024-05-02,GBP
INV21769,15,Raw Material,1231.74,2024-03-07,USD
INV21770,2,Logistics,251.31,2024-03-03,CAD
INV21771,11,Raw Material,2245.64,2024-07-25,USD
INV21772,11,Raw Material,3533.13,2024-05-31,USD
INV21773,8,Logistics,1401.59,2024-04-06,EUR
INV21774,32,Raw Material,762.34,2023-06-30,USD
INV21775,6,Raw Material,3982.72,2023-05-25,USD
INV21776,20,Services,3855.98,2023-09-22,USD
INV21777,39,Services,789.52,2024-02-10,USD
INV21778,35,Raw Material,811.88,2024-04-28,USD
INV21779,8,Raw Material,3399.35,2024-04-26,CAD
INV21780,50,Raw Material,1422.38,2023-08-25,USD
INV21781,49,Raw Material,1566.14,2024-06-08,CAD
INV21782,43,Maintenance,2134.57,2023-12-05,CAD
INV21783,34,Packaging,1943.94,2023-09-25,USD
INV21784,19,Packaging,578.94,2023-09-23,CAD
INV21785,7,Maintenance,632.4,2024-06-11,CAD
INV21786,31,Packaging,3031.39,2023-04-02,USD
INV21787,18,Logistics,1013.9,2023-09-05,USD
INV21788,40,Raw Material,3551.08,2023-01-19,CAD
INV21789,14,Raw Material,3524.79,2024-01-25,GBP
INV21790,39,Packaging,1123.84,2024-01-23,USD
INV21791,36,Raw Material,1579.93,2024-09-06,USD
INV21792,17,Raw Material,2388.87,2023-04-05,USD
INV21793,37,Raw Material,1593.17,2024-03-05,USD
INV21794,44,Raw Material,1803.62,2024-12-25,CAD
INV21795,9,Packaging,3114.26,2023-02-06,USD
INV21796,20,Packaging,2060.1,2024-01-28,USD
INV21797,45,Raw Material,623.87,2024-07-26,USD
INV21798,28,Raw Material,5241.85,2023-10-18,USD
INV21799,50,Logistics,876.64,2023-10-30,USD
INV21800,20,Raw Material,1158.52,2024-02-05,USD
INV21801,41,Packaging,2438.07,2023-12-10,USD
INV21802,36,Logistics,1840.82,2024-06-01,EUR
INV21803,27,Raw Material,195.34,2024-01-12,GBP
INV21804,8,Logistics,2361.53,2023-06-14,USD
INV21805,32,Logistics,854.95,2023-01-13,CAD
INV21806,1,Raw Material,1128.96,2023-01-25,USD
INV21807,17,Raw Material,692.16,2023-05-03,USD
INV21808,9,Maintenance,1904.94,2023-05-09,USD
INV21809,20,Raw Material,828.96,2024-09-25,USD
INV21810,45,Services,5419.45,2024-06-30,CAD
INV21811,32,Packaging,3218.04,2024-08-17,USD
INV21812,2,Raw Material,3447.22,2023-11-05,USD
INV21813,32,Raw Material,1155.17,2024-03-11,EUR
INV21814,45,Packaging,6095.26,2023-07-01,CAD
INV21815,9,Raw Material,1565.55,2024-08-10,USD
INV21816,30,Logistics,1849.77,2024-09-07,USD
INV21817,20,Services,1465.66,2023-02-12,USD
INV21818,38,Services,1997.99,2024-02-08,USD
INV21819,1,Raw Material,5187.69,2024-08-27,USD
INV21820,5,Services,2086.23,2024-10-17,USD
INV21821,35,Services,480.69,2024-08-12,CAD
INV21822,36,Services,3225.02,2023-09-20,CAD
INV21823,1,Packaging,2135.73,2023-03-11,CAD
INV21824,14,Logistics,918.53,2024-10-22,USD
INV21825,9,Packaging,2375.67,2023-10-19,USD
INV21826,30,Raw Material,1564.58,2023-08-02,USD
INV21827,24,Maintenance,1344.77,2023-05-27,CAD
INV21828,4,Raw Material,1627.71,2023-01-25,USD
INV21829,50,Raw Material,2424.65,2023-11-19,EUR
INV21830,14,Services,1717.87,2023-04-19,CAD
INV21831,25,Raw Material,1940.52,2024-11-23,EUR
INV21832,4,Services,2266.72,2023-09-08,CAD
INV21833,25,Logistics,1542.58,2024-04-26,GBP
INV21834,10,Raw Material,960.6,2024-12-15,CAD
INV21835,35,Raw Material,459.88,2024-11-12,GBP
INV21836,7,Logistics,3637.29,2023-06-24,USD
INV21837,42,Packaging,2348.49,2023-12-13,USD
INV21838,13,Services,3534.33,2023-06-19,CAD
INV21839,4,Services,1909.58,2023-01-02,GBP
INV21840,50,Raw Material,4205.36,2024-10-07,USD
INV21841,43,Raw Material,2545.48,2024-09-30,USD
INV21842,36,Services,1089.01,2024-07-11,CAD
INV21843,14,Packaging,899.91,2024-12-06,CAD
INV21844,18,Raw Material,1038.82,2023-12-28,USD
INV21845,8,Services,2091.42,2024-12-21,CAD
INV21846,32,Services,1983.65,2023-10-23,GBP
INV21847,27,Packaging,1319.52,2024-07-23,EUR
INV21848,42,Raw Material,733.1,2024-08-12,USD
INV21849,37,Logistics,1924.65,2023-07-21,USD
INV21850,23,Logistics,2051.29,2023-10-16,USD
INV21851,7,Services,3314.64,2023-03-03,USD
INV21852,12,Maintenance,254.46,2024-05-16,USD
INV21853,25,Packaging,1879.42,2023-05-06,EUR
INV21854,3,Logistics,667.05,2023-02-18,USD
INV21855,26,Maintenance,778.82,2024-08-22,EUR
INV21856,4,Raw Material,863.32,2023-06-28,GBP
INV21857,42,Raw Material,338.73,2024-08-03,USD
INV21858,36,Services,2059.84,2024-05-07,GBP
INV21859,15,Raw Material,1805.66,2024-03-08,CAD
INV21860,32,Raw Material,1130.62,2024-07-25,CAD
INV21861,29,Raw Material,1788.45,2023-10-29,USD
INV21862,10,Raw Material,1952.15,2023-06-18,CAD
INV21863,21,Raw Material,1344.5,2023-09-26,USD
INV21864,16,Raw Material,504.04,2023-12-30,CAD
INV21865,47,Maintenance,1447.17,2024-09-15,USD
INV21866,19,Logistics,332.0,2023-04-10,CAD
INV21867,29,Logistics,1797.25,2023-08-03,USD
INV21868,18,Raw Material,2274.35,2024-09-16,USD
INV21869,44,Logistics,812.06,2023-04-07,CAD
INV21870,16,Logistics,1087.78,2024-09-21,CAD
INV21871,1,Logistics,3573.14,2024-07-01,USD
INV21872,48,Raw Material,2650.46,2023-12-03,USD
INV21873,2,Raw Material,2039.42,2023-12-25,EUR
INV21874,15,Services,1361.91,2023-10-17,CAD
INV21875,39,Logistics,399.21,2024-01-31,USD
INV21876,28,Logistics,313.23,2023-12-26,CAD
INV21877,1,Packaging,554.72,2023-12-13,USD
INV21878,5,Raw Material,577.86,2023-05-04,USD
INV21879,42,Logistics,4291.13,2024-07-05,CAD
INV21880,22,Raw Material,3350.55,2024-10-14,EUR
INV21881,36,Logistics,256.86,2024-06-21,CAD
INV21882,46,Maintenance,532.74,2024-10-15,USD
INV21883,13,Logistics,1799.79,2024-02-26,EUR
INV21884,1,Raw Material,1821.07,2023-12-02,USD
INV21885,16,Raw Material,1491.98,2024-05-17,GBP
INV21886,41,Logistics,2033.62,2023-02-26,USD
INV21887,22,Services,3365.28,2024-10-23,USD
INV21888,32,Packaging,1748.29,2024-12-17,CAD
INV21889,16,Packaging,2034.38,2023-03-17,USD
INV21890,15,Raw Material,2405.23,2024-04-10,EUR
INV21891,46,Logistics,3688.77,2023-10-12,CAD
INV21892,42,Logistics,2422.54,2024-12-22,USD
INV21893,12,Maintenance,891.86,2024-01-21,CAD
INV21894,1,Raw Material,2261.77,2023-09-16,USD
INV21895,17,Logistics,887.4,2024-04-21,USD
INV21896,41,Raw Material,2812.63,2024-11-26,GBP
INV21897,50,Packaging,2928.45,2023-01-11,EUR
INV21898,28,Services,541.85,2024-11-02,USD
INV21899,7,Raw Material,788.48,2023-09-17,CAD
INV21900,9,Raw Material,4544.4,2024-01-28,USD
INV21901,22,Logistics,1331.87,2024-08-22,EUR
INV21902,26,Packaging,2214.54,2024-01-04,GBP
INV21903,12,Raw Material,4183.32,2023-07-03,USD
INV21904,7,Raw Material,1332.94,2023-01-16,EUR
INV21905,46,Packaging,1743.72,2024-05-20,USD
INV21906,47,Services,193.94,2023-03-27,USD
INV21907,15,Raw Material,1659.53,2024-12-11,GBP
INV21908,38,Services,1019.24,2023-01-10,CAD
INV21909,21,Raw Material,1034.26,2024-04-21,USD
INV21910,14,Raw Material,2479.94,2023-06-13,CAD
INV21911,2,Raw Material,3880.75,2023-01-24,USD
INV21912,8,Services,1041.57,2024-07-29,USD
INV21913,45,Raw Material,2400.15,2023-11-08,GBP
INV21914,6,Logistics,264.91,2023-08-26,CAD
INV21915,37,Packaging,335.27,2024-04-06,EUR
INV21916,37,Maintenance,2965.4,2024-04-06,USD
INV21917,33,Services,625.88,2023-08-26,CAD
INV21918,41,Logistics,1178.83,2023-01-22,GBP
INV21919,6,Services,794.54,2023-06-29,USD
INV21920,26,Packaging,905.31,2024-07-12,USD
INV21921,39,Services,2485.95,2024-12-30,CAD
INV21922,41,Raw Material,1776.98,2024-05-13,USD
INV21923,37,Raw Material,6112.27,2024-04-19,USD
INV21924,14,Packaging,2476.07,2024-12-16,EUR
INV21925,37,Raw Material,1366.38,2023-12-05,GBP
INV21926,8,Raw Material,1767.23,2024-06-14,CAD
INV21927,39,Packaging,1535.03,2024-11-22,EUR
INV21928,13,Raw Material,3963.57,2023-06-11,EUR
INV21929,13,Packaging,887.74,2023-03-02,CAD
INV21930,40,Raw Material,1332.76,2023-03-26,USD
INV21931,43,Maintenance,3266.17,2024-06-30,USD
INV21932,28,Services,619.99,2024-05-04,USD
INV21933,18,Services,373.85,2023-01-05,USD
INV21934,19,Raw Material,1323.57,2023-03-17,USD
INV21935,38,Packaging,1576.63,2023-09-10,USD
INV21936,32,Maintenance,1193.07,2023-01-07,USD
INV21937,22,Services,379.5,2024-11-11,USD
INV21938,2,Logistics,1759.42,2024-10-03,CAD
INV21939,13,Raw Material,606.45,2024-04-17,USD
INV21940,23,Packaging,894.14,2023-05-18,EUR
INV21941,25,Logistics,508.83,2023-12-24,USD
INV21942,28,Raw Material,520.35,2024-08-25,EUR
INV21943,11,Packaging,1551.27,2023-06-12,GBP
INV21944,33,Services,2377.35,2023-11-14,CAD
INV21945,24,Logistics,1352.75,2024-04-02,CAD
INV21946,2,Packaging,507.26,2023-09-10,GBP
INV21947,30,Packaging,652.22,2023-07-20,USD
INV21948,17,Maintenance,456.66,2024-06-15,GBP
INV21949,40,Packaging,844.02,2024-11-05,EUR
INV21950,34,Logistics,814.82,2023-06-14,CAD
INV21951,38,Logistics,672.73,2023-08-20,USD
INV21952,22,Logistics,1777.71,2023-11-24,CAD
INV21953,5,Logistics,4414.29,2023-08-26,CAD
INV21954,48,Packaging,1036.69,2023-04-30,CAD
INV21955,40,Packaging,872.33,2024-09-10,CAD
INV21956,16,Packaging,1469.17,2023-09-07,USD
INV21957,13,Raw Material,1748.08,2023-12-02,USD
INV21958,26,Raw Material,892.92,2023-10-11,USD
INV21959,31,Raw Material,2480.39,2023-07-17,USD
INV21960,39,Services,2336.83,2024-02-20,USD
INV21961,48,Raw Material,2761.14,2024-01-30,USD
INV21962,23,Raw Material,1738.42,2023-05-31,USD
INV21963,48,Raw Material,915.16,2023-09-22,USD
INV21964,12,Logistics,655.72,2023-08-08,USD
INV21965,14,Raw Material,1233.6,2023-08-04,GBP
INV21966,18,Packaging,2924.03,2023-11-11,EUR
INV21967,27,Raw Material,531.53,2024-10-29,CAD
INV21968,28,Services,1431.22,2023-08-04,USD
INV21969,18,Maintenance,4374.52,2023-12-01,CAD
INV21970,16,Maintenance,359.26,2023-12-25,CAD
INV21971,16,Raw Material,472.54,2024-09-17,GBP
INV21972,13,Packaging,2990.28,2023-06-10,CAD
INV21973,29,Packaging,2287.04,2024-09-01,CAD
INV21974,9,Raw Material,4163.54,2024-05-25,EUR
INV21975,26,Raw Material,2871.56,2023-06-06,USD
INV21976,28,Raw Material,7600.25,2023-06-11,USD
INV21977,41,Logistics,864.4,2023-02-11,CAD
INV21978,13,Raw Material,1442.75,2023-06-29,USD
INV21979,36,Packaging,3177.73,2023-10-30,USD
INV21980,9,Packaging,1918.11,2023-11-26,CAD
INV21981,47,Packaging,4028.38,2024-07-16,USD
INV21982,14,Services,783.49,2024-03-04,CAD
INV21983,12,Logistics,4244.37,2023-12-16,GBP
INV21984,32,Logistics,902.55,2023-04-30,USD
INV21985,38,Packaging,2408.92,2023-03-16,USD
INV21986,3,Raw Material,1842.24,2024-11-04,USD
INV21987,16,Raw Material,1845.51,2024-10-22,USD
INV21988,20,Maintenance,2243.71,2023-05-03,USD
INV21989,32,Maintenance,112.26,2024-10-14,USD
INV21990,23,Logistics,1507.15,2023-07-01,USD
INV21991,17,Raw Material,900.04,2023-09-14,USD
INV21992,16,Raw Material,1584.59,2024-08-20,CAD
INV21993,38,Raw Material,1840.04,2024-08-05,EUR
INV21994,8,Services,2856.7,2023-09-26,EUR
INV21995,19,Logistics,432.91,2024-05-07,CAD
INV21996,30,Services,2194.03,2023-06-29,USD
INV21997,34,Packaging,434.92,2023-05-29,CAD
INV21998,14,Raw Material,2769.94,2024-06-01,USD
INV21999,22,Raw Material,657.85,2023-05-28,USD
